word,jyutping
一,jat1
丁,ding1
七,cat1
丈,zoeng6
三,saam1
上,①soeng5 ②soeng6 ③soeng5 ④soeng6
下,①haa5 ②haa6 ③haa6 ④haa6
不,bat1
丙,bing2
丟,diu1
並,bing6
中,①zung1 ②zung3
串,cyun3
主,zyu2
久,gau2
之,zi1
乖,gwaai1
乘,sing4
乙,jyut6 / jyut3
九,gau2
也,jaa5
乾,gon1
亂,lyun6
了,①liu5 ②liu5
事,si6
二,ji6
互,wu6
五,ng5
井,zeng2
些,se1
交,gaau1
享,hoeng2
亮,loeng6
人,jan4
仍,jing4
他,taa1
付,fu6
代,doi6
令,ling6
件,gin6
份,fan6
仿,fong2
伸,san1
似,ci5
位,wai6
低,dai1
住,zyu6
作,zok3
你,nei5
使,①si2 ②si3
來,loi4
例,lai6
供,①gung1 ②gung1 ③gung3
依,ji1
便,bin6
信,seon3
修,sau1
倍,pui5
們,mun4
倒,①dou2 ②dou2 ③dou3 ④dou3
借,ze3
假,①gaa2 ②gaa3
做,zou6
停,ting4
側,zak1
偷,tau1
傘,saan3
催,ceoi1
傳,①cyun4 ②zyun6
像,zoeng6
元,jyun4
兇,hung1
先,sin1
光,gwong1
克,hak1
兒,ji4
入,jap6
內,noi6
全,cyun4
兩,loeng5 / loeng2
八,baat3
公,gung1
六,luk6
共,gung6
兵,bing1
具,geoi6
兼,gim1
冊,caak3
再,zoi3
冬,dung1
冰,bing1
冷,laang5
准,zeon2
凳,dang3
出,ceot1
刀,dou1
分,①fan1 ②fan6 ③fan6
切,①cit3 ②cai3 ③cit3
划,waa1
列,lit6
初,co1
別,bit6
刨,①paau4 ②paau4
刮,gwaat3
到,dou3
刷,caat3
刺,ci3
剃,tai3
則,zak1
前,cin4
剛,gong1
剩,sing6
剪,zin2
副,fu3
割,got3
劃,waak6
劍,gim3
力,lik6
功,gung1
加,gaa1
動,dung6
勝,①sing3 ②sing1
勸,hyun3
包,baau1
北,bak1
匹,pat1
十,sap6
千,cin1
升,sing1
半,bun3
南,naam4
卡,kaa1
印,jan3
即,zik1
卵,leon2
卷,①gyun2 ②gyun2
卻,koek3
厚,hau5
厭,jim3
去,heoi3
又,jau6
叉,caa1
取,ceoi2
受,sau6
口,hau2
句,geoi3
另,ling6
只,zi2
叫,giu3
可,ho2
台,toi4
右,jau6
吃,hek3
各,gok3
合,hap6
吊,diu3
吋,cyun3
同,tung4
名,ming4
吐,①tou3 ②tou3
向,hoeng3
吞,tan1
吠,fai6
否,fau2
吧,①baa6 ②baa1
吱,zi1
吵,caau2
吸,kap1
吹,ceoi1
吻,man5
呀,①aa1 ②aa3
告,gou3
呎,cek3
呢,ne1
周,zau1
味,mei6
呵,ho1
呼,fu1
和,①wo4 ②wo4 ③wo6 ④wo4
咬,ngaau5
哇,waa1
哈,haa1
哎,aai1
員,jyun4
哦,ngo4
哭,huk1
唉,aai1
唱,coeng3
唸,nim6
啄,doek3
啊,aa1 / aa2 / aa3
問,man6
啞,aa2 / aa1
啦,laa1
啪,paak3 / paak1
喂,wai3
喊,haam3
喔,o1 / ak1
喝,①hot3 ②hot3
喲,jo1
嗎,maa1
嘴,zeoi2
嘻,hei1
噴,pan3
嚇,haak3
嚷,joeng6
四,sei3
回,wui4
因,jan1
困,kwan3
國,gwok3
圓,jyun4
圖,tou4
團,tyun4
土,tou2
在,zoi6
地,①dei6 ②dei6
坐,zo6 [co5]
垂,seoi4
型,jing4
埋,maai4
城,sing4
堂,tong4
堆,deoi1
報,bou3
場,①coeng4 ②coeng4
塊,faai3
塔,taap3
塗,tou4
塘,tong4
塞,①sak1 ②coi3
填,tin4
墊,din3 / din6
增,zang1
墨,mak6
壓,aat3
壞,waai6
壯,zong3
壹,jat1
壺,wu4
夏,haa6
外,ngoi6
多,do1
夜,je6
夠,gau3
夢,mung6
大,daai6
天,tin1
太,taai3
失,sat1
夾,gaap3
奇,kei4
奏,zau3
奔,ban1
套,tou3
奪,dyut6
女,neoi5
奶,naai5
她,taa1
好,①hou2 ②hou3
姓,sing3
姨,ji4
姪,zat6
娘,noeng4
孔,hung2
字,zi6
存,cyun4
季,gwai3
學,hok6
它,taa1
守,sau2
安,on1
完,jyun4
官,gun1
客,haak3
害,hoi6
家,gaa1
寄,gei3
密,mat6
實,sat6
寫,se2
寬,fun1
寶,bou2
寸,cyun3
封,fung1
射,se6
專,zyun1
對,deoi3
小,siu2
少,①siu2 ②siu3
尖,zim1
就,zau6
尺,cek3
尾,mei5
尿,niu6
局,guk6
屎,si2
層,cang4
山,saan1
岸,ngon6
島,dou2
巢,caau4
左,zo2
巧,haau2
差,①caa1 ②caa1 ③caai1
已,ji5
市,si5
布,bou3
帥,seoi3
帶,daai3
常,soeng4
幅,fuk1
幕,mok6
幫,bong1
平,ping4
年,nin4
幹,gon3
幾,gei2
底,dai2
店,dim3
度,①dou6 ②dok6
座,zo6
廟,miu6
廠,cong2
廳,teng1
建,gin3
弄,lung6
弓,gung1
弱,joek6
張,zoeng1
彈,①daan6 ②taan4
彎,waan1
形,jing4
往,wong5
很,han2
後,hau6
得,①dak1 ②dak1 ③dak1
從,cung4
微,mei4
忍,jan2
忘,mong4
忙,mong4
快,faai3
念,nim6
怎,zam2
怕,paa3
急,gap1
性,sing3
怪,gwaai3
您,nei5
悶,①mun6 ②mun6
情,cing4
惡,①ok3 ②wu3
想,soeng2
愛,oi3
感,gam2
慌,fong1
慘,caam2
慢,maan6
慣,gwaan3
憂,jau1
懂,dung2
應,①jing1 ②jing1 ③jing3
懶,laan5
懷,waai4
我,ngo5
或,waak6
戲,hei3
戴,daai3
户,wu6
所,so2
扁,bin2
扇,sin3
手,sau2
才,coi4
打,①daa1 ②daa2
扶,fu4
批,pai1
找,zaau2
抄,caau1
把,baa2
抓,zaau2
抖,dau2
披,pei1
抱,pou5
抵,dai2
抹,①mut3 ②mut3
抽,cau1
拆,caak3
拉,laai1
拋,paau1
拌,bun6
拍,paak3
拔,bat6
拖,to1
招,ziu1
拜,baai3
拳,kyun4
拼,ping1
拾,sap6
拿,naa4
持,ci4
指,zi2
挖,waat3
振,zan3
捉,zuk1
捐,gyun1
捧,bung2 / pung2
捱,ngaai4
捲,gyun2
掃,sou3
掉,diu6
排,paai4
掘,gwat6
掛,gwaa3
採,coi2
掣,zai3
接,zip3
推,teoi1
掩,jim2
提,tai4
插,caap3
換,wun6
握,ak1
搓,co1
搖,jiu4
搜,sau1 / sau2
搞,gaau2
搬,bun1
搭,daap3
搶,coeng2
摔,seot1
摘,zaak6
撐,caang1
撕,si1
撞,zong6
撥,but6
撲,pok3
撿,gim2
擂,leoi4
操,cou1
擔,①daam1 ②daam3
擠,zai1
擦,caat3
擲,zaak6
擺,baai2
攪,gaau2
支,zi1
收,sau1
改,goi2
放,fong3
救,gau3
教,①gaau3 ②gaau3
敢,gam2
散,①saan2 ②saan3
敲,haau1
數,①sou2 ②sou3
料,liu6
斤,gan1
新,san1
斷,①dyun6 [tyun5] ②dyun3
方,fong1
於,jyu1
旁,pong4
日,jat6
早,zou2
旺,wong6
易,ji6
星,sing1
春,ceon1
是,si6
時,si4
晚,maan5
晴,cing4
暖,nyun5
暗,am3
曬,saai3
曲,①kuk1 ②kuk1
更,①gang1 ②gaang1 ②gang3
書,syu1
替,tai3
最,zeoi3
會,①wui6 ②wui6 ③wui5 ④wui6
月,jyut6
有,jau5
服,fuk6
望,mong6
期,kei4
木,muk6
未,mei6
本,bun2
朵,do2 [doe2]
杆,gon1
束,cuk1
杯,bui1
東,dung1
板,baan2
林,lam4
枝,zi1
枯,fu1
枱,toi4
架,gaa3
染,jim5
查,caa4
柳,lau5
柴,caai4
根,gan1
格,gaak3
框,hong1 / kwaang1
桶,tung2
條,tiu4
梨,lei4
梳,so1
棒,paang5
棚,paang4
棵,fo2
楊,joeng4
極,gik6
槍,coeng1
樓,lau4
樣,joeng6
樹,syu6
樽,zeon1
橋,kiu4
橙,caang4 [caang2]
欄,laan4
欠,him3
次,ci3
歌,go1
止,zi2
正,zing3
步,bou6
歲,seoi3
死,sei2
段,dyun6
殺,saat3
殼,①hok3 ②hok3
母,mou5
每,mui5
比,bei2
毛,mou4
氣,hei3
水,seoi2
求,kau4
汗,hon6
江,gong1
池,ci4
沉,cam4
沒,①mut6 ②mut6
沖,cung1
沙,saa1
河,ho4
油,jau4
沿,jyun4
泉,cyun4
法,faat3
泛,faan3
泡,①paau1 ②paau1 ③pou5 ④paau3
波,bo1
泥,nai4
洋,joeng4
洗,sai2
洞,dung6
活,wut6
派,paai3
流,lau4
浪,long6
浮,fau4
海,hoi2
浸,zam3
涼,loeng4
淋,lam4
淚,leoi6
淡,daam6 [taam5]
深,sam1
淹,jim1
淺,cin2
添,tim1
清,cing1
減,gaam2
渠,keoi4
測,cak1 / caak1
渴,hot3
游,jau4
湖,wu4
湯,tong1
溝,kau1
溪,kai1
滅,mit6
滑,waat6
滲,sam3
滴,dik6
滾,gwan2
滿,mun5
漏,lau6
漲,①zoeng3 ②zoeng3
漸,zim6
澆,giu1
濕,sap1
濺,zin3
灑,saa2
灘,taan1
火,fo2
炒,caau2
炭,taan3
炸,①zaa3 ③zaa3
為,①wai4 ②wai6
烤,haau1 / haau2
煙,jin1
煤,mui4
照,ziu3
煮,zyu2
熄,sik1
熊,hung4
熟,suk6
熱,jit6
燈,dang1
燒,siu1
爛,laan6
爪,①zaau2 ②zaau2
爬,paa4
爭,zang1
父,fu6
爺,je4
牀,cong4
牆,coeng4
片,①pin3 ②pin3
版,baan2
牌,paai4
牙,ngaa4
牛,ngau4
牠,taa1
牽,hin1
犬,hyun2
狂,kwong4
狗,gau2
狼,long4
猛,maang5
猜,caai1
玉,juk6
王,wong4
班,baan1
球,kau4
琴,kam4
環,waan4
瓜,gwaa1
瓦,ngaa5
瓶,ping4
甜,tim4
生,sang1
產,caan2
用,jung6
田,tin4
由,jau4
甲,gaap3
男,naam4
留,lau4
略,loek6
畫,①waa6 [waa2] ②waak6
當,①dong1 ②dong1 ③dong3 ④dong3
疊,dip6
疼,tang4
病,beng6 / bing6
痛,tung3
痰,taam4
瘡,cong1
瘦,sau3
登,dang1
發,faat3
白,baak6
百,baak3
的,①dik1 ②dik1 ③dik1
皮,pei4
盆,pun4
盒,hap6
盛,①sing6 ②sing4
盡,zeon6
盤,pun4
盯,ding1
直,zik6
盼,paan3
看,①hon1 ②hon3
真,zan1
眼,ngaan5
着,①zoek6 ②zoek6 ③zoek6 ④zoek3
睡,seoi6
知,zi1 / zi3
短,dyun2
矮,ai2
砌,cai3
砍,ham2
破,po3
硬,ngaang6
碎,seoi3
碗,wun2
碟,dip6
碰,pung3
磅,bong6
祝,zuk1
神,san4
票,piu3
福,fuk1
禮,lai5
禾,wo4
科,fo1
秒,miu5
租,zou1
秤,cing3
移,ji4
種,①zung2 ②zung3
稱,①cing1 ②cing3
積,zik1
穩,wan2
空,①hung1 ②hung1
穿,cyun1
窄,zaak3
窗,coeng1
窩,wo1
窮,kung4
立,lap6 / laap6
站,zaam6
竟,ging2
章,zoeng1
竹,zuk1
笑,siu3
笨,ban6
第,dai6
筆,bat1
等,dang2
筒,tung4 [tung2 ]
答,①daap3 ②daap3
算,syun3
管,gun2
箭,zin3
箱,soeng1
節,zit3
篇,pin1
築,zuk1
籮,lo4
米,mai5
粉,fan2
粒,nap1
粗,cou1
粥,zuk1
糖,tong4 [tong2]
糞,fan3
約,joek3
紅,hung4
紗,saa1
紙,zi2
級,kap1
紫,zi2
紮,①zaat3 ②zaat3
累,①leoi5 ②leoi6 ③leoi6
細,sai3
組,zou2
結,①git3 ②git3
給,kap1
絲,si1
綁,bong2
經,ging1
綠,luk6
網,mong5
緊,gan2
線,sin3
縮,suk1
織,zik1
缸,gong1
缺,kyut3
罐,gun3
置,zi3
罰,fat6
罵,maa6
罷,baa6
羊,joeng4
美,mei5
羣,kwan4
羹,gang1
翼,jik6
老,lou5
考,haau2
而,ji4
耳,ji5
聞,man4
聲,sing1
聽,①ting1 ②ting3
聾,lung4
肉,juk6
肥,fei4
肩,gin1
肯,hang2
胃,wai6
背,①bui3 ②bui3 ③bui6
胖,bun6
能,nang4
脆,ceoi3
脣,seon4
脱,tyut3
腰,jiu1
腳,goek3
腸,coeng4
腿,teoi2
臉,lim5
臭,cau3
至,zi3
與,jyu5
舉,geoi2
舊,gau6
舞,mou5
舟,zau1
船,syun4
艇,teng5
艘,sau1 / sau2
良,loeng4
花,①faa1 ②faa1
芽,ngaa4
苗,miu4
苦,fu2
茶,caa4
草,cou2
莖,hang1 / ging3
菜,coi3
萬,maan6
落,lok6
著,zyu3
葱,cung1
蒸,zing1
蓋,goi3 / koi3
薄,①bok6 ②bok6 ③bok6
藍,laam4
藏,cong4
藤,tang4
藥,joek6
號,①hou6 ②hou4
蛇,se4
蛋,daan6 [daan2]
蝦,haa1
蟬,sim4
蟲,cung4
蟹,haai5
蠟,laap6
蠶,caam4
血,①hyut3 ②hyut3
行,①hong4 ②hang4 ③hang6
街,gaai1
衝,cung1
衣,ji1
表,biu2
衫,saam1
袋,doi6
被,bei6
裏,leoi5
補,bou2
裝,zong1
襯,can3
西,sai1
要,jiu3
見,gin3
視,si6
親,can1
角,gok3
解,gaai2
討,tou2
訓,fan3
記,gei3
評,ping4
詞,ci4
試,si3
詩,si1
話,waa6
詳,coeng4
語,jyu5
誤,ng6
説,①seoi3 ②syut3
誰,seoi4
課,fo3
調,①diu6 ②diu6 ③tiu4
談,taam4
請,cing2
講,gong2
謝,ze6
讀,duk6
變,bin3
讓,joeng6
豆,dau6
象,zoeng6
豬,zyu1
豹,paau3
貓,maau1
財,coi4
貨,fo3
貴,gwai3
買,maai5
貼,tip3
賊,caak6
賣,maai6
購,kau3 / gau3
賽,coi3
走,zau2
起,hei2
趕,gon2
跌,dit3
跑,paau2
跟,gan1
路,lou6
跳,tiu3
踏,daap6
踢,tek3
踩,caai2
身,san1
躲,do2
躺,tong2
車,①geoi1 ②ce1
軍,gwan1
軟,jyun5
載,①zoi2 ②zoi3 ③zoi3 ④zoi3
輕,hing1
輛,loeng6
輪,leon4
輸,syu1
轉,①zyun2 ②zyun3
辦,baan6
近,gan6 [kan5]
返,faan2
迷,mai4
追,zeoi1
退,teoi3
送,sung3
逃,tou4
逗,dau6
通,tung1
逛,kwaang3
造,zou6
逢,fung4
連,lin4
進,zeon3
遇,jyu6
遊,jau4
運,wan6
遍,pin3
過,gwo3
道,dou6
達,daat6
遠,jyun5
遮,ze1
遲,ci4
選,syun2
避,bei6
還,①waan4 ②waan4
部,bou6
都,①dou1 ②dou1
配,pui3
酒,zau2
酸,syun1
醒,sing2
醜,cau2
醫,ji1
里,lei5
重,①cung4 ②cung5 ③zung6
野,je5
釘,①deng1 ②deng1 ③deng1
針,zam1
釣,diu3
鈎,ngau1
鈴,ling4
鉗,kim4
鋸,geoi3 [goe3]
鋼,gong3
錢,cin4 [cin2]
錯,co3
鍋,wo1
鐘,zung1
鑽,zyun3
長,①coeng4 ②zoeng2 ③zoeng2
門,mun4
閂,saan1
閃,sim2
開,hoi1
間,①gaan1 ②gaan3
闊,fut3
關,gwaan1
防,fong4
阿,①aa3 ②o1
降,①gong3 ②hong4
限,haan6
院,jyun2
陣,zan6
除,ceoi4
陪,pui4
陰,jam1
陸,luk6
隊,deoi6
隨,ceoi4
險,him2
隻,zek3
雁,ngaan6
雙,soeng1
雞,gai1
難,①naan4 ②naan6
雨,jyu5
雪,syut3
雲,wan4
零,ling4
雷,leoi4
電,din6
需,seoi1
震,zan3
霜,soeng1
霧,mou6
露,①lou6 ②lou6
青,cing1
靜,zing6
非,fei1
面,min6
鞋,haai4
音,jam1
響,hoeng2
頁,jip6
頂,ding2
項,hong6
順,seon6
頓,deon6
領,ling5
頭,tau4
顆,fo2
題,tai4
類,leoi6
風,fung1
飄,piu1
飛,fei1
食,sik6
飯,faan6
飲,jam2
飽,baau2
養,joeng5
餐,caan1
餓,ngo6
餘,jyu4
館,gun2
餵,wai3
香,hoeng1
馬,maa5
駛,sai2
騎,ke4
騙,pin3
髒,zong1
高,gou1
鬆,sung1
鬥,dau3
鬼,gwai2
魚,jyu4
鮮,①sin1 ②sin2
鳥,niu5
鵝,ngo4 [ngo2]
鷹,jing1
鹹,haam4
鹽,jim4
鹿,luk6
麪,min6
黃,wong4
黑,hak1
點,dim2
鼓,gu2
龍,lung4
龜,gwai1
一下,jat1 haa5
一些,jat1 se1
一共,jat1 gung6
一切,jat1 cai3
一半,jat1 bun3
一口,jat1 hau2
一同,jat1 tung4
一向,jat1 hoeng3
一定,jat1 ding6
一心,jat1 sam1
一手,jat1 sau2
一旁,jat1 pong4
一早,jat1 zou2
一時,jat1 si4
一樣,jat1 joeng6
一片,jat1 pin3
一直,jat1 zik6
一般,jat1 bun1
一起,jat1 hei2
一路,jat1 lou6
一身,jat1 san1
一連,jat1 lin4
一道,jat1 dou6
一邊,jat1 bin1
一面,jat1 min6
一齊,jat1 cai4
七彩,cat1 coi2
丈夫,①zoeng6 fu1 ②zoeng6 fu1
上下,soeng6 haa6
上來,soeng5 loi4
上列,soeng6 lit6
上前,soeng5 cin4
上升,soeng6 sing1
上午,soeng6 ng5
上去,soeng5 heoi3
上學,soeng5 hok6
上山,soeng5 saan1
上映,soeng5 jing2
上月,soeng6 jyut6
上海,soeng6 hoi2
上游,soeng6 jau4
上班,soeng5 baan1
上空,soeng6 hung1
上衣,soeng6 ji1
上課,soeng5 fo3
上門,soeng5 mun4
上陣,soeng5 zan6
上頭,soeng6 tau4
下來,①haa6 loi4 ②haa6 loi4
下列,haa6 lit6
下午,haa6 ng5
下去,①haa6 heoi3 ②haa6 heoi3
下巴,haa6 baa1
下班,haa6 baan1
下課,haa6 fo3
下降,haa6 gong3
不一,bat1 jat1
不久,bat1 gau2
不但,bat1 daan6
不住,bat1 zyu6
不停,bat1 ting4
不再,bat1 zoi3
不可,bat1 ho2
不安,bat1 on1
不對,bat1 deoi3
不少,bat1 siu2
不平,bat1 ping4
不幸,bat1 hang6
不得,bat1 dak1
不必,bat1 bit1
不成,bat1 sing4
不料,bat1 liu6
不斷,bat1 dyun6
不止,bat1 zi2
不法,bat1 faat3
不滿,bat1 mun5
不獨,bat1 duk6
不用,bat1 jung6
不盡,bat1 zeon6
不禁,bat1 gam3
不要,bat1 jiu3
不見,bat1 gin3
不許,bat1 heoi2
不論,bat1 leon6
不過,bat1 gwo3
不適,bat1 sik1
不錯,①bat1 co3 ②bat1 co3
不顧,bat1 gu3
世上,sai3 soeng6
世界,sai3 gaai3
並且,bing6 ce2
中午,zung1 ng5
中國,zung1 gwok3
中央,zung1 joeng1
中學,zung1 hok6
中年,zung1 nin4
中心,zung1 sam1
中文,zung1 man4
中樂,zung1 ngok6
中毒,zung3 duk6
中藥,zung1 joek6
中醫,zung1 ji1
中間,zung1 gaan1
串謀,cyun3 mau4
丸子,jyun4 zi2 [jyun2 zi2]
主人,zyu2 jan4
主任,zyu2 jam6
主動,zyu2 dung6
主意,zyu2 ji3
主要,zyu2 jiu3
主角,zyu2 gok3
主題,zyu2 tai4
之內,zi1 noi6
之外,zi1 ngoi6
乒乓,ping1 pong1 [bing1 bam1]
乖巧,gwaai1 haau2
乘坐,sing4 zo6 [sing4 co5]
乘客,sing4 haak3
乘搭,sing4 daap3
乘數,sing4 sou3
乘涼,sing4 loeng4
乞丐,hat1 koi3
乾淨,gon1 zing6
事事,si6 si6
事件,si6 gin6 [si6 gin2]
事先,si6 sin1
事務,si6 mou6
事情,si6 cing4
事業,si6 jip6
事項,si6 hong6
二胡,ji6 wu4 [ji6 wu2]
互助,wu6 zo6
互相,wu6 soeng1
亞洲,aa3 zau1
亞軍,aa3 gwan1
交換,gaau1 wun6
交通,gaau1 tung1
交錯,gaau1 cok3
享受,hoeng2 sau6
享福,hoeng2 fuk1
京城,ging1 sing4
亭子,ting4 zi2
人們,jan4 mun4
人像,jan4 zoeng6
人參,jan4 sam1
人口,jan4 hau2
人員,jan4 jyun4
人家,①jan4 gaa1 ②jan4 gaa1
人工,jan4 gung1
人數,jan4 sou3
人民,jan4 man4
人物,jan4 mat6
人羣,jan4 kwan4
人選,jan4 syun2
人頭,jan4 tau4
人類,jan4 leoi6
人體,jan4 tai2
什麼,sam6 mo1
今夜,gam1 je6
今天,gam1 tin1
今宵,gam1 siu1
今後,gam1 hau6
今日,gam1 jat6
今晚,gam1 maan5
介紹,gaai3 siu6
仍然,jing4 jin4
仔細,zi2 sai3
他人,taa1 jan4
他們,taa1 mun4
仙境,sin1 ging2
仙女,sin1 neoi5
代替,doi6 tai3
代表,doi6 biu2
以前,ji5 cin4
以外,ji5 ngoi6
以後,ji5 hau6
以為,ji5 wai4
任何,jam6 ho4
任由,jam6 jau4
份量,fan6 loeng6
企鵝,kei5 ngo4 [kei5 ngo2]
伊麪,ji1 min6
休息,jau1 sik1
伯伯,baak3 baak3
伯母,baak3 mou5
伯父,baak3 fu6
伸縮,san1 suk1
似的,ci5 dik1
但是,daan6 si6
佈置,bou3 zi3
位置,wai6 zi3
低下,dai1 haa6
低頭,dai1 tau4
住宅,zyu6 zaak6
住户,zyu6 wu6
住房,zyu6 fong4
住院,zyu6 jyun2
佔用,zim3 jung6
何必,ho4 bit1
作品,zok3 ban2
作弄,zok3 lung6
作惡,zok3 ok3
作文,zok3 man4 [zok3 man2]
作案,zok3 on3
作業,zok3 jip6
作物,zok3 mat6
作答,zok3 daap3
作者,zok3 ze2
你們,nei5 mun4
佩服,pui3 fuk6
佳節,gaai1 zit3
佳音,gaai1 jam1
使用,si2 jung6 [sai2 jung6]
來信,loi4 seon3
來到,loi4 dou3
來回,loi4 wui4
來往,loi4 wong5
來源,loi4 jyun4
來臨,loi4 lam4
來電,loi4 din6
例如,lai6 jyu4
例子,lai6 zi2
侍從,si6 cung4
侍應,si6 jing3
供應,gung1 jing3
依然,ji1 jin4
依照,ji1 ziu3
便利,bin6 lei6
便宜,pin4 ji4
俗話,zuk6 waa6
保存,bou2 cyun4
保持,bou2 ci4
保温,bou2 wan1
保留,bou2 lau4
保證,bou2 zing3
保護,bou2 wu6
保鮮,bou2 sin1
信件,seon3 gin6 [seon3 gin2]
信任,seon3 jam6
信封,seon3 fung1
信徒,seon3 tou4
信心,seon3 sam1
信箱,seon3 soeng1
修剪,sau1 zin2
修女,sau1 neoi5
修理,sau1 lei5
修補,sau1 bou2
倉鼠,cong1 syu2
個人,go3 jan4
個位,go3 wai6 [go3 wai2]
個別,go3 bit6
倍數,pui5 sou3
倒映,dou3 jing2
倒轉,dou3 zyun3
倒霉,dou2 mui4
倘若,tong2 joek6
值勤,zik6 kan4
值得,zik6 dak1
值班,zik6 baan1
假如,gaa2 jyu4
假日,gaa3 jat6
假期,gaa3 kei4
假若,gaa2 joek6
偉人,wai5 jan4
偉大,wai5 daai6
偏偏,pin1 pin1
偏僻,pin1 pik1
偏食,pin1 sik6
做事,zou6 si6
做工,zou6 gung1
做法,zou6 faat3
做飯,zou6 faan6
停止,ting4 zi2
停泊,ting4 bok6
停留,ting4 lau4
健康,gin6 hong1
偶數,ngau5 sou3
偶然,ngau5 jin4
偷偷,tau1 tau1
偷渡,tau1 dou6
傍晚,pong4 maan5
傭人,jung4 jan4
傳播,cyun4 bo3
傳染,cyun4 jim5
傳説,cyun4 syut3
傷亡,soeng1 mong4
傷口,soeng1 hau2
傷害,soeng1 hoi6
傷心,soeng1 sam1
傷者,soeng1 ze2
傷風,soeng1 fung1
傻子,so4 zi2
傾聽,king1 ting3
僕人,buk6 jan4
價值,gaa3 zik6
價格,gaa3 gaak3
價錢,gaa3 cin4
儀式,ji4 sik1
優美,jau1 mei5
優良,jau1 loeng4
優點,jau1 dim2
儲值,cyu5 zik6
儲蓄,cyu5 cuk1
元旦,jyun4 daan3
兄妹,hing1 mui6
兄弟,hing1 dai6
兄長,hing1 zoeng2
充份,cung1 fan6
充分,cung1 fan6
充沛,cung1 pui3
充滿,cung1 mun5
充裕,cung1 jyu6
充足,cung1 zuk1
充饑,cung1 gei1
兇徒,hung1 tou4
兇惡,hung1 ok3
兇手,hung1 sau2
兇猛,hung1 maang5
先後,sin1 hau6
先生,sin1 sang1 [sin1 saang1]
光亮,gwong1 loeng6
光明,gwong1 ming4
光滑,gwong1 waat6
光盤,gwong1 pun4
光碟,gwong1 dip6 [gwong1 dip2]
光線,gwong1 sin3
光陰,gwong1 jam1
克服,hak1 fuk6
免費,min5 fai3
兒女,ji4 neoi5
兒子,ji4 zi2
兒歌,ji4 go1
兒童,ji4 tung4
兔子,tou3 zi2
入伙,jap6 fo2
入侵,jap6 cam1
入口,①jap6 hau2 ②jap6 hau2
入圍,jap6 wai4
入場,jap6 coeng4
入學,jap6 hok6
入息,jap6 sik1
入睡,jap6 seoi6
入選,jap6 syun2
內向,noi6 hoeng3
內容,noi6 jung4
全力,cyun4 lik6
全部,cyun4 bou6
全體,cyun4 tai2
兩岸,loeng5 ngon6
兩旁,loeng5 pong4
八卦,baat3 gwaa3
公主,gung1 zyu2
公仔,gung1 zai2
公僕,gung1 buk6
公公,gung1 gung1
公共,gung1 gung6
公分,gung1 fan1
公升,gung1 sing1
公司,gung1 si1
公園,gung1 jyun4
公安,gung1 on1
公尺,gung1 cek3
公屋,gung1 uk1
公平,gung1 ping4
公廁,gung1 ci3
公斤,gung1 gan1
公正,gung1 zing3
公用,gung1 jung6
公眾,gung1 zung3
公立,gung1 lap6 / gung1 laap6
公路,gung1 lou6
公轉,gung1 zyun3
公里,gung1 lei5
公開,gung1 hoi1
共同,gung6 tung4
共用,gung6 jung6
其中,kei4 zung1
其他,kei4 taa1
其實,kei4 sat6
其餘,kei4 jyu4
具有,geoi6 jau5
典禮,din2 lai5
再次,zoi3 ci3
再見,zoi3 gin3
冒牌,mou6 paai4
冠軍,gun3 gwan1
冤枉,jyun1 wong2
冬天,dung1 tin1
冬季,dung1 gwai3
冬瓜,dung1 gwaa1
冬眠,dung1 min4
冰冷,bing1 laang5
冰封,bing1 fung1
冰箱,bing1 soeng1
冰雪,bing1 syut3
冷氣,laang5 hei3
冷飲,laang5 jam2
准許,zeon2 heoi2
凡是,faan4 si6
出世,ceot1 sai3
出事,ceot1 si6
出來,ceot1 loi4
出入,ceot1 jap6
出去,ceot1 heoi3
出口,①ceot1 hau2 ②ceot1 hau2
出名,ceot1 ming4 [ceot1 meng2]
出境,ceot1 ging2
出外,ceot1 ngoi6
出席,ceot1 zik6
出沒,ceot1 mut6
出現,ceot1 jin6
出生,ceot1 sang1
出產,ceot1 caan2
出發,ceot1 faat3
出神,ceot1 san4
出色,ceot1 sik1
出走,ceot1 zau2
出門,ceot1 mun4
出院,ceot1 jyun2
刀子,dou1 zi2
分享,fan1 hoeng2
分別,fan1 bit6
分割,fan1 got3
分子,①fan6 zi2 ②fan6 zi2
分工,fan1 gung1
分數,①fan1 sou3 ②fan6 sou3
分組,fan1 zou2
分辨,fan1 bin6
分配,fan1 pui3
分量,fan6 loeng6
分鐘,fan1 zung1
分開,fan1 hoi1
分類,fan1 leoi6
列車,lit6 ce1
初時,co1 si4
初步,co1 bou6
初賽,co1 coi3
別人,①bit6 jan4 ②bit6 jan4
利市,lei6 si5
利是,lei6 si6
利用,lei6 jung6
到場,dou3 coeng4
到底,①dou3 dai2 ②dou3 dai2
到處,dou3 cyu3
到達,dou3 daat6
制服,①zai3 fuk6 ②zai3 fuk6
刷子,caat3 zi2
刻苦,hak1 fu2
前來,cin4 loi4
前天,cin4 tin1
前往,cin4 wong5
前後,cin4 hau6
前日,cin4 jat6
前頭,cin4 tau4
剎車,saat3 ce1
剛剛,gong1 gong1
剛好,gong1 hou2
剛才,gong1 coi4
剩下,sing6 haa6
剩餘,sing6 jyu4
剪刀,zin2 dou1
創舉,cong3 geoi2
創辦,cong3 baan6
劇院,kek6 jyun2
劇集,kek6 zaap6
力氣,lik6 hei3
力量,lik6 loeng6
功夫,gung1 fu1
功用,gung1 jung6
功課,gung1 fo3
加上,gaa1 soeng5
加價,gaa1 gaa3
加入,gaa1 jap6
加強,gaa1 koeng4
加快,gaa1 faai3
加插,gaa1 caap3
加油,gaa1 jau4 [gaa1 jau2]
加緊,gaa1 gan2
加薪,gaa1 san1
助手,zo6 sau2
助養,zo6 joeng5
努力,nou5 lik6
劫案,gip3 on3
勇士,jung5 si6
勇敢,jung5 gam2
勇氣,jung5 hei3
勒索,lak6 sok3
動人,dung6 jan4
動作,dung6 zok3
動手,dung6 sau2
動搖,dung6 jiu4
動物,dung6 mat6
動畫,dung6 waa6 [dung6 waa2]
動聽,dung6 ting3
動詞,dung6 ci4
動身,dung6 san1
勝利,sing3 lei6
勞作,lou4 zok3
勞力,lou4 lik6
勞動,lou4 dung6
勞累,lou4 leoi6
勤勞,kan4 lou4
勤奮,kan4 fan5
勸告,hyun3 gou3
包含,baau1 ham4
包圍,baau1 wai4
包子,baau1 zi2
包括,baau1 kut3
包袱,baau1 fuk6
包裝,baau1 zong1
包裹,baau1 gwo2
匆匆,cung1 cung1
匆忙,cung1 mong4
北京,bak1 ging1
十分,sap6 fan1
十足,sap6 zuk1
千克,cin1 hak1
千萬,cin1 maan6
升學,sing1 hok6
升讀,sing1 duk6
升降,sing1 gong3
午夜,ng5 je6
午飯,ng5 faan6
午餐,ng5 caan1
半夜,bun3 je6
半天,bun3 tin1
協助,hip3 zo6
南瓜,naam4 gwaa1
卡片,kaat1 pin3 [kaat1 pin2]
卡車,kaa1 ce1
卡通,kaa1 tung1
印象,jan3 zoeng6
危險,ngai4 him2
即刻,zik1 hak1
即場,zik1 coeng4
即將,zik1 zoeng1
即日,zik1 jat6
即時,zik1 si4
即食,zik1 sik6
厘米,lei4 mai5
原來,jyun4 loi4
原因,jyun4 jan1
原始,jyun4 ci2
原料,jyun4 liu6 [jyun4 liu2]
原諒,jyun4 loeng6
原野,jyun4 je5
厲害,lai6 hoi6
去年,heoi3 nin4
參加,caam1 gaa1
參考,caam1 haau2
參觀,caam1 gun1
參賽,caam1 coi3
叉子,caa1 zi2
叉燒,caa1 siu1
及時,kap6 si4
及格,kap6 gaak3
友善,jau5 sin6
友情,jau5 cing4
友愛,jau5 oi3
友誼,jau5 ji4 / jau5 ji6
反對,faan2 deoi3
反方,faan2 fong1
叔叔,suk1 suk1
叔父,suk1 fu6
取得,ceoi2 dak1
取消,ceoi2 siu1
取笑,ceoi2 siu3
受傷,sau6 soeng1
口吻,hau2 man5
口氣,hau2 hei3
口水,hau2 seoi2
口渴,hau2 hot3
口腔,hau2 hong1
口袋,hau2 doi6
古代,gu2 doi6
古怪,gu2 gwaai3
古箏,gu2 zang1
古老,gu2 lou5
古跡,gu2 zik1
句子,geoi3 zi2
句號,geoi3 hou6
另外,ling6 ngoi6
只好,zi2 hou2
只得,zi2 dak1
只是,zi2 si6
只有,zi2 jau5
只能,zi2 nang4
只要,zi2 jiu3
叫做,giu3 zou6
叫喊,giu3 haam3
叫喚,giu3 wun6
叫聲,giu3 sing1
可以,ho2 ji5
可口,ho2 hau2
可怕,ho2 paa3
可惜,ho2 sik1
可愛,ho2 oi3
可憐,ho2 lin4
可是,ho2 si6
可能,ho2 nang4
可靠,ho2 kaau3
台北,toi4 bak1
台灣,toi4 waan1
台詞,toi4 ci4
台階,toi4 gaai1
司令,si1 ling6
司機,si1 gei1
吃力,hek3 lik6
吃飯,hek3 faan6
各位,gok3 wai6 [gok3 wai2]
各地,gok3 dei6
各種,gok3 zung2
各自,gok3 zi6
合作,hap6 zok3
合共,hap6 gung6
合力,hap6 lik6
合格,hap6 gaak3
合照,hap6 ziu3
合理,hap6 lei5
合計,hap6 gai3
合適,hap6 sik1
吉他,gat1 taa1
吉利,gat1 lei6
同一,tung4 jat1
同事,tung4 si6
同伴,tung4 bun6
同學,tung4 hok6
同情,tung4 cing4
同意,tung4 ji3
同時,tung4 si4
同樣,tung4 joeng6
同行,①tung4 hong4 ②tung4 hang4
同類,tung4 leoi6
名人,ming4 jan4
名勝,ming4 sing3
名單,ming4 daan1
名字,ming4 zi6
名將,ming4 zoeng3
名次,ming4 ci3
名片,ming4 pin3 [ming4 pin2]
名牌,ming4 paai4
名稱,ming4 cing1
名詞,ming4 ci4
名貴,ming4 gwai3
吐司,tou3 si1
吩咐,fan1 fu3 / fan1 fu6
吵架,caau2 gaa3
吸引,kap1 jan5
吸收,kap1 sau1
呆子,daai1 zi2
告別,gou3 bit6
告訴,gou3 sou3
告辭,gou3 ci4
周圍,zau1 wai4
周記,zau1 gei3
味道,mei6 dou6
呵欠,ho1 him3
呼叫,fu1 giu3
呼吸,fu1 kap1
命令,ming6 ling6
和善,wo4 sin6
和尚,wo4 soeng6 [wo4 soeng2]
和平,wo4 ping4
和服,wo4 fuk6
和氣,wo4 hei3
和睦,wo4 muk6
和藹,wo4 oi2
和諧,wo4 haai4
咖啡,gaa3 fe1
咖喱,gaa3 lei1
咪表,mai1 biu1
咳嗽,kat1 sau3
品嘗,ban2 soeng4
品嚐,ban2 soeng4
品德,ban2 dak1
哈哈,haa1 haa1
哈欠,haa1 him3
哎呀,aai1 aa1
哎喲,aai1 jo1
哥哥,go1 go1
哨子,saau3 zi2
哪些,naa5 se1
哪個,naa5 go3
哪兒,naa5 ji4
哪樣,naa5 joeng6
哪裏,naa5 leoi5
哭泣,huk1 jap1
唐詩,tong4 si1
售價,sau6 gaa3
售賣,sau6 maai6
唱歌,coeng3 go1
商人,soeng1 jan4
商品,soeng1 ban2
商場,soeng1 coeng4
商店,soeng1 dim3
商業,soeng1 jip6
商販,soeng1 faan3
商量,soeng1 loeng4
問候,man6 hau6
問答,man6 daap3
問號,man6 hou6
問題,man6 tai4
啤酒,be1 zau2
啼哭,tai4 huk1
喃喃,naam4 naam4
善款,sin6 fun2
善良,sin6 loeng4
喇叭,laa3 baa1
喉嚨,hau4 lung4
喚醒,wun6 sing2
喜劇,hei2 kek6
喜愛,hei2 oi3
喜歡,hei2 fun1
喝采,hot3 coi2
單元,daan1 jyun4
單字,daan1 zi6
單打,daan1 daa2
單獨,daan1 duk6
單詞,daan1 ci4
單車,daan1 ce1
嗡嗡,jung1 jung1
嘔吐,au2 tou3
嘗試,soeng4 si3
嘲笑,zaau1 siu3
嘴巴,zeoi2 baa1
嘴脣,zeoi2 seon4
嘹亮,liu4 loeng6
器具,hei3 geoi6
噴嚏,pan3 tai3
嚴重,jim4 zung6
囚犯,cau4 faan6 [cau4 faan2]
四出,sei3 ceot1
四周,sei3 zau1
四季,sei3 gwai3
四方,①sei3 fong1 ②sei3 fong1
四肢,sei3 zi1
四處,sei3 cyu3
四面,sei3 min6
回來,wui4 loi4
回信,wui4 seon3
回到,wui4 dou3
回去,wui4 heoi3
回合,wui4 hap6
回家,wui4 gaa1
回復,wui4 fuk6 / wui4 fuk1
回想,wui4 soeng2
回收,wui4 sau1
回程,wui4 cing4
回答,wui4 daap3
回聲,wui4 sing1
因此,jan1 ci2
因為,jan1 wai6
困難,kwan3 naan4
固定,gu3 ding6
國外,gwok3 ngoi6
國家,gwok3 gaa1
國慶,gwok3 hing3
國文,gwok3 man4
國旗,gwok3 kei4
國歌,gwok3 go1
國王,gwok3 wong4
國籍,gwok3 zik6
圍巾,wai4 gan1
圍牆,wai4 coeng4
園丁,jyun4 ding1
園子,jyun4 zi2
圓圈,jyun4 hyun1
圓形,jyun4 jing4
圖形,tou4 jing4
圖書,tou4 syu1
圖案,tou4 on3
圖片,tou4 pin3 [tou4 pin2]
圖畫,tou4 waa6 [tou4 waa2]
圖表,tou4 biu2
團圓,tyun4 jyun4
團結,tyun4 git3
團聚,tyun4 zeoi6
土地,tou2 dei6
地上,dei6 soeng6
地下,①dei6 haa6 ②dei6 haa6
地區,dei6 keoi1
地圖,dei6 tou4
地址,dei6 zi2
地方,①dei6 fong1 ②dei6 fong1
地板,dei6 baan2
地毯,dei6 taan2 / dei6 taam2
地球,dei6 kau4
地鐵,dei6 tit3
地點,dei6 dim2
均勻,gwan1 wan4
垂直,seoi4 zik6
垃圾,laap6 saap3
城堡,sing4 bou2
城市,sing4 si5
培養,pui4 joeng5
堅固,gin1 gu3
堅強,gin1 koeng4
堅硬,gin1 ngaang6
堆填,deoi1 tin4
堆積,deoi1 zik1
報刊,bou3 hon1 / bou3 hon2
報名,bou3 ming4 [bou3 meng2]
報告,bou3 gou3
報失,bou3 sat1
報時,bou3 si4
報案,bou3 on3
報章,bou3 zoeng1
報答,bou3 daap3
報紙,bou3 zi2
報警,bou3 ging2
報道,bou3 dou6
報館,bou3 gun2
場地,coeng4 dei6
場所,coeng4 so2
堵車,dou2 ce1
塑像,sou3 zoeng6
塑料,sou3 liu6 [sou3 liu2]
塑膠,sou3 gaau1
塗改,tou4 goi2
塞車,sak1 ce1
填充,tin4 cung1
填詞,tin4 ci4
增加,zang1 gaa1
增多,zang1 do1
增強,zang1 koeng4
增添,zang1 tim1
增進,zang1 zeon3
壁報,bik1 bou3
壞事,waai6 si6
士兵,si6 bing1
士卒,si6 zeot1
壯觀,zong3 gun1
壽司,sau6 si1
夏天,haa6 tin1
夏季,haa6 gwai3
夏日,haa6 jat6
外人,ngoi6 jan4
外公,ngoi6 gung1
外出,ngoi6 ceot1
外國,ngoi6 gwok3
外地,ngoi6 dei6
外套,ngoi6 tou3
外婆,ngoi6 po4
外殼,ngoi6 hok3
外甥,ngoi6 sang1
外衣,ngoi6 ji1
外表,ngoi6 biu2
外貌,ngoi6 maau6
外邊,ngoi6 bin1
外間,ngoi6 gaan1
外頭,ngoi6 tau4
多久,do1 gau2
多半,do1 bun3
多士,do1 si6 [do1 si2]
多少,①do1 siu2 ②do1 siu2
多數,do1 sou3
多謝,do1 ze6
多餘,do1 jyu4
多麼,do1 mo1
夜晚,je6 maan5
夜裏,je6 leoi5
夜間,je6 gaan1
夢想,mung6 soeng2
大事,daai6 si6
大人,①daai6 jan4 ②daai6 jan4
大便,daai6 bin6
大力,daai6 lik6
大半,daai6 bun3
大哥,daai6 go1
大地,daai6 dei6
大多,daai6 do1
大大,daai6 daai6
大學,daai6 hok6
大家,①daai6 gaa1 ②daai6 gaa1
大小,daai6 siu2
大廈,daai6 haa6
大廳,daai6 teng1
大意,①daai6 ji3 ②daai6 ji3
大樓,daai6 lau4
大海,daai6 hoi2
大王,①daai6 wong4 ②daai6 wong4
大眾,daai6 zung3
大約,daai6 joek3
大街,daai6 gaai1
大衣,daai6 ji1
大賽,daai6 coi3
大選,daai6 syun2
大都,daai6 dou1
大量,daai6 loeng6
大門,daai6 mun4
大隊,daai6 deoi6
天上,tin1 soeng6
天亮,tin1 loeng6
天使,tin1 si3
天地,tin1 dei6
天天,tin1 tin1
天橋,tin1 kiu4
天氣,tin1 hei3
天然,tin1 jin4
天生,tin1 sang1
天真,tin1 zan1
天空,tin1 hung1
天色,tin1 sik1
天象,tin1 zoeng6
天邊,tin1 bin1
天鵝,tin1 ngo4
太太,taai3 taai3 [taai3 taai2]
太平,taai3 ping4
太空,taai3 hung1
太陽,taai3 joeng4
夫人,fu1 jan4
夫妻,fu1 cai1
夫婦,fu1 fu5
失主,sat1 zyu2
失去,sat1 heoi3
失意,sat1 ji3
失敗,sat1 baai6
失望,sat1 mong6
失蹤,sat1 zung1
夾子,gaap3 zi2
奇妙,kei4 miu6
奇怪,kei4 gwaai3
奇數,gei1 sou3
奇景,kei4 ging2
奔跑,ban1 paau2
奔馳,ban1 ci4
套票,tou3 piu3
套餐,tou3 caan1
奪得,dyut6 dak1
奮力,fan5 lik6
奮鬥,fan5 dau3
女人,①neoi5 jan4 ②neoi5 jan4
女兒,neoi5 ji4
女士,neoi5 si6
女子,neoi5 zi2
女孩,neoi5 haai4
女生,neoi5 sang1
女郎,neoi5 long4
奶奶,naai5 naai5 [naai4 naai2]
奶油,naai5 jau4
奶粉,naai5 fan2
奶酪,naai5 lok3
她們,taa1 mun4
好像,hou2 zoeng6
好友,hou2 jau5
好吃,hou2 hek3
好奇,hou3 kei4
好好,hou2 hou2
好意,hou2 ji3
好手,hou2 sau2
好看,hou2 hon3
好笑,hou2 siu3
好聽,hou2 ting1
好處,hou2 cyu3
如果,jyu4 gwo2
妖怪,jiu2 gwaai3
妹妹,mui6 mui6
妻子,cai1 zi2
姊妹,zi2 mui6
姊姊,zi2 zi2
始終,ci2 zung1
姐妹,ze2 mui6
姐姐,ze2 ze2
姑丈,gu1 zoeng6
姑娘,gu1 noeng4
姑母,gu1 mou5
姓名,sing3 ming4
姥姥,lou5 lou5
姨丈,ji4 zoeng6
姨母,ji4 mou5
姿勢,zi1 sai3
姿態,zi1 taai3
威武,wai1 mou5
威風,wai1 fung1
娃娃,waa1 waa1
婆婆,po4 po4
婚禮,fan1 lai5
婚紗,fan1 saa1
婦人,fu5 jan4
媽媽,maa1 maa1
嫂子,sou2 zi2
嬰兒,jing1 ji4
嬰孩,jing1 haai4
嬸嬸,sam2 sam2
子女,zi2 neoi5
子孫,zi2 syun1
子彈,zi2 daan6 [zi2 daan2]
孔雀,hung2 zoek3
字典,zi6 din2
字帖,zi6 tip3
字樣,zi6 joeng6 [zi6 joeng2]
字母,zi6 mou5
存款,cyun4 fun2
孝順,haau3 seon6
季節,gwai3 zit3
季軍,gwai3 gwan1
孤兒,gu1 ji4
孤獨,gu1 duk6
孩子,haai4 zi2
孫子,①syun1 zi2 ②syun1 zi2
孵化,fu1 faa3
學問,hok6 man6
學堂,hok6 tong4
學年,hok6 nin4
學會,hok6 wui6 [hok6 wui2]
學期,hok6 kei4
學校,hok6 haau6
學業,hok6 jip6
學生,hok6 sang1 [hok6 saang1]
學童,hok6 tung4
學習,hok6 zaap6
學費,hok6 fai3
它們,taa1 mun4
守信,sau2 seon3
守法,sau2 faat3
安全,on1 cyun4
安危,on1 ngai4
安定,on1 ding6
安心,①on1 sam1 ②on1 sam1
安慰,on1 wai3
安排,on1 paai4
安置,on1 zi3
安裝,on1 zong1
安靜,on1 zing6
完全,jyun4 cyun4
完成,jyun4 sing4
完整,jyun4 zing2
完畢,jyun4 bat1
完美,jyun4 mei5
官立,gun1 lap6 / gun1 laap6
定價,ding6 gaa3
客人,haak3 jan4
客廳,haak3 teng1
客機,haak3 gei1
客氣,haak3 hei3
客運,haak3 wan6
宣佈,syun1 bou3
宣布,syun1 bou3
室內,sat1 noi6
宮殿,gung1 din6
害怕,hoi6 paa3
害羞,hoi6 sau1
害處,hoi6 cyu3
害蟲,hoi6 cung4
宴會,jin3 wui6
家人,gaa1 jan4
家具,gaa1 geoi6
家務,gaa1 mou6
家居,gaa1 geoi1
家庭,gaa1 ting4
家書,gaa1 syu1
家畜,gaa1 cuk1
家禽,gaa1 kam4
家私,gaa1 si1
家課,gaa1 fo3
家鄉,gaa1 hoeng1
家長,gaa1 zoeng2
容忍,jung4 jan2
容易,jung4 ji6
容許,jung4 heoi2
寂寞,zik6 mok6
富翁,fu3 jung1
富裕,fu3 jyu6
寒假,hon4 gaa3
寒冷,hon4 laang5
寓言,jyu6 jin4
察看,caat3 hon3
實在,sat6 zoi6
實物,sat6 mat6
實現,sat6 jin6
實話,sat6 waa6
寫作,se2 zok3
寬闊,fun1 fut3
寵物,cung2 mat6
寶庫,bou2 fu3
寶玉,bou2 juk6
寶石,bou2 sek6
寶藏,bou2 zong6
寶貝,bou2 bui3
寶貴,bou2 gwai3
寺廟,zi6 miu6
封面,fung1 min6 [fung1 min2]
將來,zoeng1 loi4
將軍,zoeng1 gwan1
專心,zyun1 sam1
專注,zyun1 zyu3
專長,zyun1 coeng4
尊敬,zyun1 ging3
尊重,zyun1 zung6
尋找,cam4 zaau2
對付,deoi3 fu6
對岸,deoi3 ngon6
對待,deoi3 doi6
對手,deoi3 sau2
對方,deoi3 fong1
對於,deoi3 jyu1
對比,deoi3 bei2
對稱,deoi3 cing3
對話,deoi3 waa6
對調,deoi3 diu6
對面,deoi3 min6
導遊,dou6 jau4
小丑,siu2 cau2
小便,siu2 bin6
小偷,siu2 tau1
小兒,siu2 ji4
小吃,siu2 hek3
小姐,siu2 ze2
小學,siu2 hok6
小巴,siu2 baa1
小心,siu2 sam1
小息,siu2 sik1
小數,siu2 sou3
小時,siu2 si4
小童,siu2 tung4
小組,siu2 zou2
小菜,siu2 coi3
小説,siu2 syut3
小販,siu2 faan3 [siu2 faan2]
小費,siu2 fai3
小路,siu2 lou6
小輪,siu2 leon4
小量,siu2 loeng6
小食,siu2 sik6
少年,siu3 nin4
少數,siu2 sou3
少許,siu2 heoi2
少量,siu2 loeng6
就是,①zau6 si6 ②zau6 si6
就算,zau6 syun3
尺子,cek3 zi2
尺寸,cek3 cyun3
尺碼,cek3 maa5
尾巴,mei5 baa1
屁股,pei3 gu2
居住,geoi1 zyu6
居屋,geoi1 uk1
居民,geoi1 man4
屋子,uk1 zi2
屋宇,uk1 jyu5
屋村,uk1 cyun1
屋邨,uk1 cyun1
屏幕,ping4 mok6
展品,zin2 ban2
展現,zin2 jin6
展翅,zin2 ci3
展覽,zin2 laam5
山坡,saan1 bo1
山岡,saan1 gong1
山峯,saan1 fung1
山巒,saan1 lyun4
山林,saan1 lam4
山水,saan1 seoi2
山泥,saan1 nai4
山洞,saan1 dung6
山火,saan1 fo2
山羊,saan1 joeng4
山腰,saan1 jiu1
山腳,saan1 goek3
山谷,saan1 guk1
山路,saan1 lou6
山野,saan1 je5
山頭,saan1 tau4
峽谷,haap6 guk1
工人,gung1 jan4
工作,gung1 zok3
工具,gung1 geoi6
工匠,gung1 zoeng6
工友,gung1 jau5
工地,gung1 dei6
工場,gung1 coeng4
工廠,gung1 cong2
工業,gung1 jip6
工錢,gung1 cin4
左右,zo2 jau6
巧妙,haau2 miu6
巨人,geoi6 jan4
巨大,geoi6 daai6
巫婆,mou4 po4
巫師,mou4 si1
已經,ji5 ging1
巴士,baa1 si6 [baa1 si2]
市區,si5 keoi1
市場,si5 coeng4
市民,si5 man4
布偶,bou3 ngau5
布置,bou3 zi3
帆船,faan4 syun4
希望,hei1 mong6
師生,si1 sang1
師長,si1 zoeng2
帳幕,zoeng3 mok6
帶領,daai3 ling5
帶頭,daai3 tau4
常常,soeng4 soeng4
常用,soeng4 jung6
常識,soeng4 sik1
帽子,mou6 zi2 / mou2 zi2
幫助,bong1 zo6
幫忙,bong1 mong4
平分,ping4 fan1
平地,ping4 dei6
平均,ping4 gwan1
平安,ping4 on1
平定,ping4 ding6
平常,ping4 soeng4
平手,ping4 sau2
平日,ping4 jat6
平時,ping4 si4
平民,ping4 man4
平滑,ping4 waat6
平等,ping4 dang2
平靜,ping4 zing6
平面,ping4 min6 [ping4 min2]
年份,nin4 fan6
年宵,nin4 siu1
年底,nin4 dai2
年畫,nin4 waa6 [nin4 waa2]
年紀,nin4 gei2
年級,nin4 kap1
年花,nin4 faa1
年輕,nin4 hing1
年青,nin4 cing1
年齡,nin4 ling4
幸好,hang6 hou2
幸福,hang6 fuk1
幸運,hang6 wan6
幼兒,jau3 ji4
幼小,jau3 siu2
幼年,jau3 nin4
幼苗,jau3 miu4
幾乎,gei1 fu4
底下,dai2 haa6
底片,dai2 pin3 [dai2 pin2]
店舖,dim3 pou3
店鋪,dim3 pou3
度數,dou6 sou3
度過,dou6 gwo3
座位,zo6 wai6 [zo6 wai2]
康復,hong1 fuk6
康樂,hong1 lok6
廁所,ci3 so2
廚師,cyu4 si1 / ceoi4 si1
廚房,cyu4 fong4 / ceoi4 fong4
廢物,①fai3 mat6 ①fai3 mat6
廣告,gwong2 gou3
廣場,gwong2 coeng4
廣大,gwong2 daai6
廣州,gwong2 zau1
廣播,gwong2 bo3
廣東,gwong2 dung1
廣闊,gwong2 fut3
延伸,jin4 san1
延長,jin4 coeng4
建築,gin3 zuk1
建設,gin3 cit3
建議,gin3 ji5
建造,gin3 zou6
式樣,sik1 joeng6 [sik1 joeng2]
引導,jan5 dou6
引起,jan5 hei2
弟兄,dai6 hing1
弟弟,dai6 dai6
弱智,joek6 zi3
弱能,joek6 nang4
張開,zoeng1 hoi1
強壯,koeng4 zong3
強度,koeng4 dou6
強烈,koeng4 lit6
彈弓,daan6 gung1
彎曲,waan1 kuk1
彗星,seoi6 sing1
形容,jing4 jung4
形狀,jing4 zong6
彩色,coi2 sik1
彩虹,coi2 hung4
影子,jing2 zi2
影片,jing2 pin3 [jing2 pin2]
影碟,jing2 dip6 [jing2 dip2]
影迷,jing2 mai4
影院,jing2 jyun2
影響,jing2 hoeng2
往常,wong5 soeng4
後來,hau6 loi4
後天,①hau6 tin1 ②hau6 tin1
後悔,hau6 fui3
後方,hau6 fong1
後果,hau6 gwo2
後退,hau6 teoi3
後頭,hau6 tau4
得主,dak1 zyu2
得以,dak1 ji5
得分,dak1 fan1
得到,dak1 dou3
得益,dak1 jik1
得知,dak1 zi1
從來,cung4 loi4
從前,cung4 cin4
從小,cung4 siu2
從新,cung4 san1
從此,cung4 ci2
復活,fuk6 wut6
微小,mei4 siu2
微笑,mei4 siu3
心中,sam1 zung1
心得,sam1 dak1
心思,sam1 si1
心急,sam1 gap1
心情,sam1 cing4
心意,sam1 ji3
心愛,sam1 oi3
心腸,sam1 coeng4
心臟,sam1 zong6
心裏,sam1 leoi5
心跳,sam1 tiu3
必定,bit1 ding6
必需,bit1 seoi1
必須,bit1 seoi1
忌廉,gei6 lim4 [gei6 lim1]
忍耐,jan2 noi6
志願,zi3 jyun6
忘卻,mong4 koek3
忘記,mong4 gei3
忙碌,mong4 luk1
忠告,zung1 guk1
忠實,zung1 sat6
忠誠,zung1 sing4
快樂,faai3 lok6
快活,faai3 wut6
快餐,faai3 caan1
念書,nim6 syu1
忽然,fat1 jin4
怎樣,zam2 joeng6
怎麼,zam2 mo1
思念,si1 nim6
思想,si1 soeng2
急促,gap1 cuk1
急忙,gap1 mong4
急救,gap1 gau3
急速,gap1 cuk1
性別,sing3 bit6
性格,sing3 gaak3
怪物,gwaai3 mat6
怪獸,gwaai3 sau3
恆心,hang4 sam1
恐嚇,hung2 haak3
恐怕,hung2 paa3
恐怖,hung2 bou3
恤衫,seot1 saam1
恩人,jan1 jan4
恩怨,jan1 jyun3
恩情,jan1 cing4
恭喜,gung1 hei2
恭賀,gung1 ho6
恰好,hap1 hou2
恰當,hap1 dong3
悄悄,ciu2 ciu2 / ciu3 ciu3
悠閒,jau4 haan4
悦耳,jyut6 ji5
悲慘,bei1 caam2
悶熱,mun6 jit6
情形,cing4 jing4
情況,cing4 fong3
惦記,dim3 gei3
想法,soeng2 faat3
愉快,jyu4 faai3
意外,ji3 ngoi6
意思,ji3 si3
意見,ji3 gin3
愛人,oi3 jan4
愛國,oi3 gwok3
愛心,oi3 sam1
愛惜,oi3 sik1
愛戴,oi3 daai3
愛護,oi3 wu6
感人,gam2 jan4
感冒,gam2 mou6
感動,gam2 dung6
感受,gam2 sau6
感情,gam2 cing4
感激,gam2 gik1
感覺,gam2 gok3
感謝,gam2 ze6
慈祥,ci4 coeng4
態度,taai3 dou6
慌張,fong1 zoeng1
慌忙,fong1 mong4
慚愧,caam4 kwai5
慶祝,hing3 zuk1
憎恨,zang1 han6
憤怒,fan5 nou6
懂得,dung2 dak1
應付,jing3 fu6
應用,jing3 jung6
應當,jing1 dong1
應該,jing1 goi1
懶惰,laan5 do6
懷念,waai4 nim6
懷抱,waai4 pou5
懷疑,waai4 ji4
懸掛,jyun4 gwaa3
成人,sing4 jan4
成功,sing4 gung1
成員,sing4 jyun4
成年,sing4 nin4
成為,sing4 wai4
成熟,sing4 suk6
成績,sing4 zik1
成羣,sing4 kwan4
成語,sing4 jyu5
成長,sing4 zoeng2
我們,ngo5 mun4
戒指,gaai3 zi2
戒毒,gaai3 duk6
或者,waak6 ze2
或許,waak6 heoi2
戰士,zin3 si6
戰火,zin3 fo2
戰鬥,zin3 dau3
戲院,hei3 jyun2
户主,wu6 zyu2
户口,wu6 hau2
户外,wu6 ngoi6
房子,fong4 zi2
房屋,fong4 uk1
房東,fong4 dung1
房車,fong4 ce1 [fong2 ce1]
房間,fong4 gaan1
所以,so2 ji5
所有,so2 jau5
所見,so2 gin3
扇子,sin3 zi2
手冊,sau2 caak3
手勢,sau2 sai3
手套,sau2 tou3
手工,sau2 gung1
手帕,sau2 paak3
手指,sau2 zi2
手掌,sau2 zoeng2
手提,sau2 tai4
手柄,sau2 beng3
手槍,sau2 coeng1
手機,sau2 gei1
手腕,sau2 wun2
手腳,sau2 goek3
手臂,sau2 bei3
手藝,sau2 ngai6
手術,sau2 seot6
手袋,sau2 doi6 [sau2 doi2]
手錶,sau2 biu1
才幹,coi4 gon3
打仗,daa2 zoeng3
打印,daa2 jan3
打工,daa2 gung1
打扮,daa2 baan3
打掃,daa2 sou3
打擾,daa2 jiu2 / daa2 jiu5
打敗,daa2 baai6
打架,daa2 gaa3
打獵,daa2 lip6
打破,daa2 po3
打算,daa2 syun3
打針,daa2 zam1
打開,daa2 hoi1
扮演,baan6 jin2
扶手,fu4 sau2
批准,pai1 zeon2
找到,zaau2 dou3
找尋,zaau2 cam4
承認,sing4 jing6
把握,baa2 ak1
投票,tau4 piu3
投訴,tau4 sou3
投降,tau4 hong4
抬頭,toi4 tau4
抵抗,dai2 kong3
押金,aat3 gam1
抽簽,cau1 cim1
拆除,caak3 ceoi4
拍戲,paak3 hei3
拍攝,paak3 sip3
拍檔,paak3 dong3
拍照,paak3 ziu3
拐彎,gwaai2 waan1
拒絕,keoi5 zyut6
拖鞋,to1 haai4
拘捕,keoi1 bou6
招呼,ziu1 fu1
招待,ziu1 doi6
招生,ziu1 sang1
拜年,baai3 nin4
拜祭,baai3 zai3
拜訪,baai3 fong2
括弧,kut3 wu4
拳頭,kyun4 tau4
指出,zi2 ceot1
指定,zi2 ding6
指導,zi2 dou6
指揮,zi2 fai1
指示,zi2 si6
按照,on3 ziu3
按金,on3 gam1
按鈕,on3 nau2
挑戰,tiu1 zin3
挑選,tiu1 syun2
捕捉,bou6 zuk1
捕食,bou6 sik6
捕魚,bou6 jyu4
掃帚,sou3 zaau2
掌心,zoeng2 sam1
掌聲,zoeng2 sing1
排列,paai4 lit6
排名,paai4 ming4
排球,paai4 kau4
排隊,paai4 deoi6 [paai4 deoi2]
掙扎,zang1 zaat3
掛念,gwaa3 nim6
掛號,gwaa3 hou6
採用,coi2 jung6
採訪,coi2 fong2
探員,taam3 jyun4
探望,taam3 mong6
探親,taam3 can1
探訪,taam3 fong2
接受,zip3 sau6
接替,zip3 tai3
接獲,zip3 wok6
接着,zip3 zoek6
接見,zip3 gin3
接近,zip3 gan6
接送,zip3 sung3
推行,teoi1 hang4
提供,tai4 gung1
提出,tai4 ceot1
提前,tai4 cin4
提子,tai4 zi2
提早,tai4 zou2
提示,tai4 si6
提起,tai4 hei2
提醒,tai4 sing2
插秧,caap3 joeng1
握手,ak1 sau2
揮手,fai1 sau2
揮春,fai1 ceon1
損壞,syun2 waai6
損失,syun2 sat1
損害,syun2 hoi6
搖擺,jiu4 baai2
搖頭,jiu4 tau4
搗亂,dou2 lyun6
搗蛋,dou2 daan6 [dou2 daan2]
搜集,sau1 zaap6 / sau2 zaap6
搬家,bun1 gaa1
搬運,bun1 wan6
搶先,coeng2 sin1
搶救,coeng2 gau3
摩打,mo1 daa2
摩托,mo1 tok3
摩登,mo1 dang1
撒嬌,saat3 giu1
播放,bo3 fong3
播映,bo3 jing2
播種,bo3 zung2
擁有,jung2 jau5
擂台,leoi4 toi4
擊敗,gik1 baai6
操場,cou1 coeng4
操心,cou1 sam1
操行,cou1 hang6
擔子,daam3 zi2
擔心,daam1 sam1
擴張,kwok3 zoeng1
擺放,baai2 fong3
擺賣,baai2 maai6
攜帶,kwai4 daai3
攝錄,sip3 luk6
攤檔,taan1 dong3
支付,zi1 fu6
收入,sau1 jap6
收市,sau1 si5
收成,sau1 sing4
收拾,sau1 sap6
收效,sau1 haau6
收看,sau1 hon3
收穫,sau1 wok6
收藏,sau1 cong4
收視,sau1 si6
收費,sau1 fai3
收集,sau1 zaap6
改善,goi2 sin6
改正,goi2 zing3
改良,goi2 loeng4
改變,goi2 bin3
放假,fong3 gaa3
放大,fong3 daai6
放學,fong3 hok6
放心,fong3 sam1
放手,fong3 sau2
放映,fong3 jing2
放棄,fong3 hei3
放火,fong3 fo2
放置,fong3 zi3
放過,fong3 gwo3
放開,fong3 hoi1
政府,zing3 fu2
故事,gu3 si6
故意,gu3 ji3
故鄉,gu3 hoeng1
效果,haau6 gwo2
敏捷,man5 zit6
救傷,gau3 soeng1
救命,gau3 ming6 [gau3 meng6]
救災,gau3 zoi1
教員,gaau3 jyun4
教堂,gaau3 tong4
教室,gaau3 sat1
教導,gaau3 dou6
教師,gaau3 si1
教書,gaau3 syu1
教練,gaau3 lin6
教訓,gaau3 fan3
散佈,saan3 bou3
散布,saan3 bou3
散步,saan3 bou6
敬愛,ging3 oi3
整個,zing2 go3
整天,zing2 tin1
整整,zing2 zing2
整數,zing2 sou3
整潔,zing2 git3
整理,zing2 lei5
整齊,zing2 cai4
敵人,dik6 jan4
敵對,dik6 deoi3
數字,sou3 zi6
數學,sou3 hok6
數目,sou3 muk6
數量,sou3 loeng6
文具,man4 geoi6
文員,man4 jyun4
文字,man4 zi6
文章,man4 zoeng1
斑紋,baan1 man4
斧頭,fu2 tau4
斯文,si1 man4
新奇,san1 kei4
新娘,san1 noeng4
新年,san1 nin4
新春,san1 ceon1
新聞,san1 man4
新近,san1 gan6
新郎,san1 long4
新鮮,san1 sin1
方便,fong1 bin6
方向,fong1 hoeng3
方呎,fong1 cek3
方塊,fong1 faai3
方格,fong1 gaak3
方法,fong1 faat3
方面,fong1 min6
於是,jyu1 si6
施肥,si1 fei4
旁人,pong4 jan4
旁邊,pong4 bin1
旅客,leoi5 haak3
旅行,leoi5 hang4
旅途,leoi5 tou4
旅遊,leoi5 jau4
旗子,kei4 zi2
既然,gei3 jin4
日出,jat6 ceot1
日前,jat6 cin4
日報,jat6 bou3
日夜,jat6 je6
日子,jat6 zi2
日常,jat6 soeng4
日期,jat6 kei4
日本,jat6 bun2
日用,jat6 jung6
日落,jat6 lok6
日蝕,jat6 sik6
日記,jat6 gei3
日間,jat6 gaan1
早上,zou2 soeng6
早已,zou2 ji5
早晨,zou2 san4
早餐,zou2 caan1
昆蟲,kwan1 cung4
明亮,ming4 loeng6
明天,ming4 tin1
明日,ming4 jat6
明明,ming4 ming4
明星,ming4 sing1
明月,ming4 jyut6
明白,ming4 baak6
明知,ming4 zi1
明顯,ming4 hin2
星星,sing1 sing1
星期,sing1 kei4
春天,ceon1 tin1
春季,ceon1 gwai3
春節,ceon1 zit3
春風,ceon1 fung1
昨夜,zok6 je6 / zok3 je6
昨天,zok6 tin1 / zok3 tin1
昨日,zok6 jat6 / zok3 jat6
昨晚,zok6 maan5 / zok3 maan5
是非,si6 fei1
時候,si4 hau6
時常,si4 soeng4
時時,si4 si4
時期,si4 kei4
時節,si4 zit3
時裝,si4 zong1
時鐘,si4 zung1
時間,si4 gaan1 / si4 gaan3
晚上,maan5 soeng6
晚報,maan5 bou3
晚會,maan5 wui6 [maan5 wui2]
晚間,maan5 gaan1
晚飯,maan5 faan6
晚餐,maan5 caan1
普通,pou2 tung1
景物,ging2 mat6
景色,ging2 sik1
晴朗,cing4 long5
智慧,zi3 wai6
暑假,syu2 gaa3
暖和,nyun5 wo4
暗暗,am3 am3
暗自,am3 zi6
暫時,zaam6 si4
更加,gang3 gaa1
更換,gang1 wun6
更改,gang1 goi2
書信,syu1 seon3
書包,syu1 baau1
書報,syu1 bou3
書寫,syu1 se2
書局,syu1 guk6
書展,syu1 zin2
書店,syu1 dim3
書房,syu1 fong4 [syu1 fong2]
書本,syu1 bun2
書架,syu1 gaa3
書桌,syu1 coek3 / syu1 zoek3
書法,syu1 faat3
書簽,syu1 cim1
書籍,syu1 zik6
書記,syu1 gei3
書面,syu1 min6
曾孫,zang1 syun1
曾經,cang4 ging1
替換,tai3 wun6
最初,zeoi3 co1
最後,zeoi3 hau6
最近,zeoi3 gan6
會員,wui6 jyun4 [wui2 jyun4]
會場,wui6 coeng4
會見,wui6 gin3
月亮,jyut6 loeng6
月份,jyut6 fan6
月光,jyut6 gwong1
月底,jyut6 dai2
月球,jyut6 kau4
月票,jyut6 piu3
月色,jyut6 sik1
月蝕,jyut6 sik6
月餅,jyut6 beng2
有些,jau5 se1
有名,jau5 ming4
有害,jau5 hoi6
有時,jau5 si4
有用,jau5 jung6
有的,jau5 dik1
有益,jau5 jik1
有着,jau5 zoek6
有趣,jau5 ceoi3
有錢,jau5 cin4 [jau5 cin2]
有關,jau5 gwaan1
朋友,pang4 jau5
服務,fuk6 mou6
服從,fuk6 cung4
服用,fuk6 jung6
服裝,fuk6 zong1
服食,fuk6 sik6
朗誦,long5 zung6
朗讀,long5 duk6
期望,kei4 mong6
期間,kei4 gaan1
木偶,muk6 ngau5
木屋,muk6 uk1
木材,muk6 coi4
木板,muk6 baan2
木瓜,muk6 gwaa1
木頭,muk6 tau4
未來,mei6 loi4
未必,mei6 bit1
本事,①bun2 si6 ②bun2 si6
本人,bun2 jan4
本來,bun2 loi4
本身,bun2 san1
本領,bun2 ling5
材料,coi4 liu6 [coi4 liu2]
村子,cyun1 zi2
村民,cyun1 man4
村莊,cyun1 zong1
杧果,mong1 gwo2
杯子,bui1 zi2
東方,dung1 fong1
東西,①dung1 sai1 ②dung1 sai1
松柏,cung4 paak3 / cung4 baak3
松樹,cung4 syu6
松鼠,cung4 syu2
枕頭,zam2 tau4
果園,gwo2 jyun4
果子,gwo2 zi2
果實,gwo2 sat6
果樹,gwo2 syu6
果汁,gwo2 zap1
果然,gwo2 jin4
果皮,gwo2 pei4
枝葉,zi1 jip6
枝頭,zi1 tau4
枴杖,gwaai2 zoeng6
架子,gaa3 zi2
柔和,jau4 wo4
柔軟,jau4 jyun5
柚子,jau2 zi2
柱子,cyu5 zi2
柱體,cyu5 tai2
柳絮,lau5 seoi5
校園,haau6 jyun4
校服,haau6 fuk6
校舍,haau6 se3
校規,haau6 kwai1
校際,haau6 zai3
根基,gan1 gei1
根本,gan1 bun2
格式,gaak3 sik1
栽種,zoi1 zung3
桃子,tou4 zi2
桃花,tou4 faa1
桌子,coek3 zi2 / zoek3 zi2
桑拿,song1 naa4
桔子,gat1 zi2
梅花,mui4 faa1
條件,tiu4 gin6 [tiu4 gin2]
梯形,tai1 jing4
梳化,so1 faa3 [so1 faa2]
梳子,so1 zi2
棉花,min4 faa1
棉衣,min4 ji1
棉被,min4 pei5
棋子,kei4 zi2
棍子,gwan3 zi2
棕色,zung1 sik1
森林,sam1 lam4
棲息,cai1 sik1
椅子,ji2 zi2
植物,zik6 mat6
椰子,je4 zi2
楊柳,joeng4 lau5
楓葉,fung1 jip6
榕樹,jung4 syu6
榜樣,bong2 joeng6
構成,kau3 sing4 / gau3 sing4
樂器,ngok6 hei3
樂園,lok6 jyun4
樂意,lok6 ji3
樂趣,lok6 ceoi3
樂隊,ngok6 deoi6 [ngok6 deoi2]
樓宇,lau4 jyu5
樓梯,lau4 tai1
樓盤,lau4 pun4 [lau4 pun2]
標貼,biu1 tip3
標點,biu1 dim2
模仿,mou4 fong2
模型,mou4 jing4
樣子,joeng6 zi2
樹幹,syu6 gon3
樹木,syu6 muk6
樹林,syu6 lam4
樹枝,syu6 zi1
樹榦,syu6 gon3
樹葉,syu6 jip6
樹蔭,syu6 jam3
橙汁,caang4 zap1 [caang2 zap1]
機器,gei1 hei3
機場,gei1 coeng4
機會,gei1 wui6
機械,gei1 haai6
機鐵,gei1 tit3
橫跨,waang4 kwaa1
檢查,gim2 caa4
檸檬,ning4 mung1
櫃位,gwai6 wai6 [gwai6 wai2]
櫃台,gwai6 toi4
櫃子,gwai6 zi2
欄杆,laan4 gon1
權力,kyun4 lik6
欠缺,him3 kyut3
次序,ci3 zeoi6
欣賞,jan1 soeng2
欺負,hei1 fu6
欺騙,hei1 pin3
款式,fun2 sik1
歌唱,go1 coeng3
歌手,go1 sau2
歌星,go1 sing1
歌曲,go1 kuk1
歌聲,go1 sing1
歌詞,go1 ci4
歌詠,go1 wing6
歌迷,go1 mai4
歌頌,go1 zung6
歐洲,au1 zau1
歡呼,fun1 fu1
歡喜,fun1 hei2
歡快,fun1 faai3
歡樂,fun1 lok6
歡笑,fun1 siu3
歡迎,fun1 jing4
正中,zing3 zung1
正在,zing3 zoi6
正好,zing3 hou2
正如,zing3 jyu4
正常,zing3 soeng4
正式,zing3 sik1
正方,zing3 fong1
正是,zing3 si6
正確,zing3 kok3
正義,zing3 ji6
正面,zing3 min6
步操,bou6 cou1
步行,bou6 hang4
武俠,mou5 hap6
歲數,seoi3 sou3
歸來,gwai1 loi4
歸還,gwai1 waan4
死亡,sei2 mong4
死者,sei2 ze2
殘廢,caan4 fai3
段落,dyun6 lok6
殺害,saat3 hoi6
毆打,au2 daa2
母子,mou5 zi2
母親,mou5 can1
每每,mui5 mui5
每當,mui5 dong1
每逢,mui5 fung4
比賽,bei2 coi3
比較,bei2 gaau3
毛巾,mou4 gan1
毛病,mou4 beng6
毛筆,mou4 bat1
毛衣,mou4 ji1
毫升,hou4 sing1
毫米,hou4 mai5
毽子,gin3 zi2 / jin2 zi2
民間,man4 gaan1
氣候,hei3 hau6
氣力,hei3 lik6
氣味,hei3 mei6
氣氛,hei3 fan1
氣温,hei3 wan1
氣球,hei3 kau4
氣體,hei3 tai2
水仙,seoi2 sin1
水份,seoi2 fan6
水分,seoi2 fan6
水喉,seoi2 hau4
水塘,seoi2 tong4
水庫,seoi2 fu3
水手,seoi2 sau2
水晶,seoi2 zing1
水果,seoi2 gwo2
水桶,seoi2 tung2
水母,seoi2 mou5
水池,seoi2 ci4
水災,seoi2 zoi1
水牛,seoi2 ngau4
水產,seoi2 caan2
水管,seoi2 gun2
水草,seoi2 cou2
水車,seoi2 ce1
水鄉,seoi2 hoeng1
永遠,wing5 jyun5
求助,kau4 zo6
求學,kau4 hok6
求救,kau4 gau3
求醫,kau4 ji1
汗水,hon6 seoi2
江河,gong1 ho4
池塘,ci4 tong4
污垢,wu1 gau3
污染,wu1 jim5
汪洋,wong1 joeng4
決定,kyut3 ding6
決心,kyut3 sam1
決賽,kyut3 coi3
汽水,hei3 seoi2
汽油,hei3 jau4
汽車,hei3 ce1
沒有,mut6 jau5
沒用,mut6 jung6
沖洗,cung1 sai2
沙子,saa1 zi2
沙律,saa1 leot6
沙拉,saa1 laai1
沙漠,saa1 mok6
沙灘,saa1 taan1
沙發,saa1 faat3
河流,ho4 lau4
油條,jau4 tiu4 [jau4 tiu2]
油污,jau4 wu1
治安,zi6 on1
治病,zi6 beng6
沿途,jyun4 tou4
泉水,cyun4 seoi2
法國,faat3 gwok3
法子,faat3 zi2
法官,faat3 gun1
法庭,faat3 ting4
泡沫,pou5 mut6
波子,bo1 zi2
波浪,bo1 long6
波紋,bo1 man4
泥土,nai4 tou2
泥沙,nai4 saa1
泥膠,nai4 gaau1
注射,zyu3 se6
注意,zyu3 ji3
泳池,wing6 ci4
泳灘,wing6 taan1
洗澡,sai2 cou3 / sai2 zou2
活力,wut6 lik6
活動,wut6 dung6
活潑,wut6 put3
活躍,wut6 joek3 / wut6 joek6
派對,paai3 deoi3
流動,lau4 dung6
流氓,lau4 mong4 / lau4 man4
流水,lau4 seoi2
流浪,lau4 long6
流血,lau4 hyut3
流行,lau4 hang4
浪花,long6 faa1
浪費,long6 fai3
浮萍,fau4 ping4
浴室,juk6 sat1
浴缸,juk6 gong1
海嘯,hoi2 siu3
海報,hoi2 bou3
海底,hoi2 dai2
海星,hoi2 sing1
海洋,hoi2 joeng4
海浪,hoi2 long6
海灘,hoi2 taan1
海灣,hoi2 waan1
海產,hoi2 caan2
海綿,hoi2 min4
海藻,hoi2 zou2
海豚,hoi2 tyun4
海邊,hoi2 bin1
海防,hoi2 fong4
海鮮,hoi2 sin1
海鷗,hoi2 au1
海龜,hoi2 gwai1
消失,siu1 sat1
消息,siu1 sik1
消滅,siu1 mit6
消磨,siu1 mo4
消費,siu1 fai3
消除,siu1 ceoi4
涼快,loeng4 faai3
涼爽,loeng4 song2
涼鞋,loeng4 haai4
淚水,leoi6 seoi2
深入,sam1 jap6
深夜,sam1 je6
添置,tim1 zi3
清拆,cing1 caak3
清掃,cing1 sou3
清新,cing1 san1
清早,cing1 zou2
清晨,cing1 san4
清楚,cing1 co2
清水,cing1 seoi2
清洗,cing1 sai2
清涼,cing1 loeng4
清潔,cing1 git3
清爽,cing1 song2
清理,cing1 lei5
清香,cing1 hoeng1
減價,gaam2 gaa3
減少,gaam2 siu2
減肥,gaam2 fei4
渡過,dou6 gwo3
温和,wan1 wo4
温度,wan1 dou6
温暖,wan1 nyun5
温習,wan1 zaap6
測試,cak1 si3 / caak1 si3
測驗,cak1 jim6 / caak1 jim6
港元,gong2 jyun4
港幣,gong2 bai6
渴望,hot3 mong6
游泳,jau4 wing6
渺小,miu5 siu2
準備,zeon2 bei6
準時,zeon2 si4
準確,zeon2 kok3
溪流,kai1 lau4
滋味,zi1 mei6
滑輪,waat6 leon4
滑鼠,waat6 syu2
滾動,gwan2 dung6
滾滾,gwan2 gwan2
滿意,mun5 ji3
滿足,mun5 zuk1
滿面,mun5 min6
漁業,jyu4 jip6
漁民,jyu4 man4
漁船,jyu4 syun4
漂亮,piu3 loeng6
漆黑,cat1 hak1
演出,jin2 ceot1
演員,jin2 jyun4
演唱,jin2 coeng3
演戲,jin2 hei3
漢字,hon3 zi6
漫畫,maan6 waa6 [maan6 waa2]
漱口,sau3 hau2
漸漸,zim6 zim6
漿糊,zoeng1 wu4
潔淨,git3 zing6
潔白,git3 baak6
潦草,liu4 cou2 [liu2 cou2]
濾水,leoi6 seoi2
灌溉,gun3 koi3
火光,fo2 gwong1
火山,fo2 saan1
火柴,fo2 caai4
火災,fo2 zoi1
火熱,fo2 jit6
火箭,fo2 zin3
火花,fo2 faa1
火警,fo2 ging2
火車,fo2 ce1
灰塵,fui1 can4
灰心,fui1 sam1
灰色,fui1 sik1
災區,zoi1 keoi1
災害,zoi1 hoi6
災民,zoi1 man4
災難,zoi1 naan6
炎熱,jim4 jit6
為主,wai4 zyu2
為了,wai6 liu5
為何,wai6 ho4
為着,wai6 zoek6
為難,wai4 naan4
烈火,lit6 fo2
烏雲,wu1 wan4
烏鴉,wu1 aa1
無恥,mou4 ci2
無線,mou4 sin3
然後,jin4 hau6
煙花,jin1 faa1
煞車,saat3 ce1
照例,ziu3 lai6
照射,ziu3 se6
照料,ziu3 liu6
照樣,①ziu3 joeng6 ②ziu3 joeng6
照片,ziu3 pin3 [ziu3 pin2]
照相,ziu3 soeng3
照耀,ziu3 jiu6
照顧,ziu3 gu3
煩惱,faan4 nou5
熟睡,suk6 seoi6
熟練,suk6 lin6
熱心,jit6 sam1
熱情,jit6 cing4
熱愛,jit6 oi3
熱烈,jit6 lit6
熱門,jit6 mun4 [jit6 mun2]
熱鬧,jit6 naau6
燃燒,jin4 siu1
燈光,dang1 gwong1
燈泡,dang1 paau1
燈火,dang1 fo2
燈籠,dang1 lung4
燈飾,dang1 sik1
燒毀,siu1 wai2
燒烤,siu1 haau1 / siu1 haau2
燕子,jin3 zi2
營房,jing4 fong4
燦爛,caan3 laan6
燭光,zuk1 gwong1
爐子,lou4 zi2
爬山,paa4 saan1
爬行,paa4 hang4
爭取,zang1 ceoi2
爭吵,zang1 caau2
父母,fu6 mou5
父親,fu6 can1
爸爸,baa1 baa1
爺爺,je4 je4
牀位,cong4 wai6 [cong4 wai2]
牆壁,coeng4 bik1
版畫,baan2 waa6 [baan2 waa2]
牌子,paai4 zi2
牙刷,ngaa4 caat3
牙膏,ngaa4 gou1
牙齒,ngaa4 ci2
牛奶,ngau4 naai5
牛油,ngau4 jau4
牛痘,ngau4 dau6
牛郎,ngau4 long4
牠們,taa1 mun4
牧師,muk6 si1
物件,mat6 gin6 [mat6 gin2]
物價,mat6 gaa3
物品,mat6 ban2
物產,mat6 caan2
特價,dak6 gaa3
特別,dak6 bit6
特務,dak6 mou6
特點,dak6 dim2
犯人,faan6 jan4
犯規,faan6 kwai1
狂風,kwong4 fung1
狐狸,wu4 lei4
狠心,han2 sam1
狠狠,han2 han2
狡猾,gaau2 waat6
狹小,haap6 siu2 / haap3 siu2
狹窄,haap6 zaak3 / haap3 zaak3
猛烈,maang5 lit6
猜想,caai1 soeng2
猴子,hau4 zi2
獅子,si1 zi2
獎券,zoeng2 hyun3 / zoeng2 gyun3
獎品,zoeng2 ban2
獎杯,zoeng2 bui1
獎牌,zoeng2 paai4
獎金,zoeng2 gam1
獨奏,duk6 zau3
獨特,duk6 dak6
獨自,duk6 zi6
獲勝,wok6 sing3
獲得,wok6 dak1
獵人,lip6 jan4
玉米,juk6 mai5
王子,wong4 zi2
玩具,wun6 geoi6
玩笑,waan4 siu3 / wun6 siu3
玩耍,waan4 saa2
玫瑰,mui4 gwai3
玻璃,bo1 lei1
珊瑚,saan1 wu4
珍惜,zan1 sik1
珍珠,zan1 zyu1
珍貴,zan1 gwai3
珠寶,zyu1 bou2
班級,baan1 kap1
現代,jin6 doi6
現在,jin6 zoi6
現場,jin6 coeng4
現時,jin6 si4
現金,jin6 gam1
球員,kau4 jyun4
球場,kau4 coeng4
球證,kau4 zing3
球賽,kau4 coi3
球迷,kau4 mai4
球隊,kau4 deoi6 [kau4 deoi2]
球體,kau4 tai2
理想,lei5 soeng2
理會,lei5 wui6
理由,lei5 jau4
理睬,lei5 coi2
理髮,lei5 faat3
琵琶,pei4 paa4
環保,waan4 bou2
環境,waan4 ging2
瓶子,ping4 zi2
甘蔗,gam1 ze3
甚麼,sam6 mo1
甜品,tim4 ban2
生動,sang1 dung6
生命,sang1 ming6
生字,sang1 zi6 [saang1 zi6]
生存,sang1 cyun4
生意,①sang1 ji3 [saang1 ji3] ②sang1 ji3
生日,sang1 jat6 [saang1 jat6]
生氣,①sang1 hei3 ②sang1 hei3
生活,sang1 wut6
生物,sang1 mat6
生產,sang1 caan2
生病,sang1 beng6
生辰,sang1 san4
生長,sang1 zoeng2
產品,caan2 ban2
用具,jung6 geoi6
用功,jung6 gung1
用品,jung6 ban2
用心,①jung6 sam1 ②jung6 sam1
用法,jung6 faat3
用處,jung6 cyu3
用途,jung6 tou4
田地,tin4 dei6
田徑,tin4 ging3
田野,tin4 je5
由於,jau4 jyu1
申請,san1 cing2
男人,①naam4 jan4 ②naam4 jan4
男士,naam4 si6
男女,naam4 neoi5
男子,naam4 zi2
男孩,naam4 haai4
男生,naam4 sang1
留下,lau4 haa6
留心,lau4 sam1
留念,lau4 nim6
留意,lau4 ji3
留醫,lau4 ji1
番梘,faan1 gaan2
番茄,faan1 ke2
畫家,waa6 gaa1 [waa2 gaa1]
畫廊,waa6 long4 [waa2 long4]
當中,dong1 zung1
當作,dong3 zok3
當值,dong1 zik6
當做,dong3 zou6
當初,dong1 co1
當天,dong1 tin1
當時,①dong1 si4 ②dong1 si4
當然,dong1 jin4
畸形,kei1 jing4
疑匪,ji4 fei2
疑問,ji4 man6
疑難,ji4 naan4
疤痕,baa1 han4
疲倦,pei4 gyun6
疲勞,pei4 lou4
疾病,zat6 beng6
病人,beng6 jan4
病情,beng6 cing4
病房,beng6 fong4 [beng6 fong2]
病症,beng6 zing3
病菌,beng6 kwan2
痛楚,tung3 co2
痛苦,tung3 fu2
瘋子,fung1 zi2
瘦身,sau3 san1
登台,dang1 toi4
登場,dang1 coeng4
登山,dang1 saan1
登記,dang1 gei3
登高,dang1 gou1
發售,faat3 sau6
發問,faat3 man6
發射,faat3 se6
發抖,faat3 dau2
發明,faat3 ming4
發泄,faat3 sit3
發燒,faat3 siu1
發現,faat3 jin6
發生,faat3 sang1
發芽,faat3 ngaa4
發覺,faat3 gok3
發言,faat3 jin4
發達,faat3 daat6
發音,faat3 jam1
白天,baak6 tin1
白色,baak6 sik1
白菜,baak6 coi3
百貨,baak3 fo3
百足,baak3 zuk1
的士,dik1 si6 [dik1 si2]
的確,dik1 kok3
的話,dik1 waa6
皇后,wong4 hau6
皇帝,wong4 dai3
皮具,pei4 geoi6
皮帶,pei4 daai3 [pei4 daai2]
皮毛,pei4 mou4
皮球,pei4 kau4
皮膚,pei4 fu1
皮鞋,pei4 haai4
皺紋,zau3 man4
盆栽,pun4 zoi1
益智,jik1 zi3
益處,jik1 cyu3
盒子,hap6 zi2
盛開,sing6 hoi1
盜賊,dou6 caak6
盡力,zeon6 lik6
盡情,zeon6 cing4
盡量,zeon6 loeng6
盤子,pun4 zi2
目光,muk6 gwong1
目前,muk6 cin4
目的,muk6 dik1
目錄,muk6 luk6
直到,zik6 dou3
直接,zik6 zip3
直立,zik6 lap6 / zik6 laap6
直線,zik6 sin3
直至,zik6 zi3
相似,soeng1 ci5
相信,soeng1 seon3
相傳,soeng1 cyun4
相反,soeng1 faan2
相同,soeng1 tung4
相差,soeng1 caa1
相撞,soeng1 zong6
相片,soeng3 pin3 [soeng3 pin2]
相當,soeng1 dong1
相等,soeng1 dang2
相簿,soeng3 bou6 [soeng3 bou2]
相處,soeng1 cyu2
相距,soeng1 keoi5
相關,soeng1 gwaan1
盼望,paan3 mong6
眉毛,mei4 mou4
眉頭,mei4 tau4
看來,hon3 loi4
看守,hon1 sau2
看望,hon3 mong6
看法,hon3 faat3
看病,hon3 beng6
看看,hon3 hon3
看管,hon1 gun2
看見,hon3 gin3
真心,zan1 sam1
真是,zan1 si6
真正,zan1 zing3
眨眼,zaap3 ngaan5 [zaam2 ngaan5]
眼淚,ngaan5 leoi6
眼珠,ngaan5 zyu1
眼球,ngaan5 kau4
眼皮,ngaan5 pei4
眼看,ngaan5 hon3
眼睛,ngaan5 zing1
眼神,ngaan5 san4
眼鏡,ngaan5 geng3
着急,zoek6 gap1
着陸,zoek6 luk6
睡眠,seoi6 min4
睡衣,seoi6 ji1
睡覺,seoi6 gaau3
瞎子,hat6 zi2
知恥,zi1 ci2
知識,zi1 sik1 / zi3 sik1
知道,zi1 dou3
短促,dyun2 cuk1
短暫,dyun2 zaam6
石像,sek6 zoeng6
石子,sek6 zi2
石油,sek6 jau4
石頭,sek6 tau4
砂糖,saa1 tong4
破壞,po3 waai6
破爛,po3 laan6
破裂,po3 lit6
硬幣,ngaang6 bai6
碎片,seoi3 pin3 [seoi3 pin2]
碟子,dip6 zi2
碧綠,bik1 luk6
碰撞,pung3 zong6
碰見,pung3 gin3
確定,kok3 ding6
確實,kok3 sat6
碼頭,maa5 tau4
磁石,ci4 sek6
磚頭,zyun1 tau4
示範,si6 faan6
社工,se5 gung1
社會,se5 wui6 [se5 wui2]
祈禱,kei4 tou2
祕密,bei3 mat6
祕書,bei3 syu1
祖先,zou2 sin1
祖國,zou2 gwok3
祖母,zou2 mou5
祖父,zou2 fu6
祝福,zuk1 fuk1
祝賀,zuk1 ho6
祝願,zuk1 jyun6
神仙,san4 sin1
神奇,san4 kei4
神父,san4 fu6
神經,san4 ging1
神話,san4 waa6 [san4 waa2]
禁區,gam3 keoi1
禁止,gam3 zi2
禮堂,lai5 tong4
禮物,lai5 mat6
禮貌,lai5 maau6
秀麗,sau3 lai6
私人,si1 jan4
私家,si1 gaa1
私校,si1 haau6
秋千,cau1 cin1
秋天,cau1 tin1
秋季,cau1 gwai3
秋風,cau1 fung1
科學,fo1 hok6
科目,fo1 muk6
秒鐘,miu5 zung1
秧苗,joeng1 miu4
秩序,dit6 zeoi6
移動,ji4 dung6
移居,ji4 geoi1
移民,ji4 man4
稀疏,hei1 so1
稍為,saau2 wai4
種子,zung2 zi2
種植,zung3 zik6
種類,zung2 leoi6
稱讚,cing1 zaan3
稻田,dou6 tin4
稻米,dou6 mai5
積分,zik1 fan1
積木,zik1 muk6
積累,zik1 leoi5
究竟,gau3 ging2
空中,hung1 zung1
空地,hung1 dei6
空氣,hung1 hei3
空置,hung1 zi3
穿梭,cyun1 so1
突然,dat6 jin4
窗口,coeng1 hau2
窗户,coeng1 wu6
立刻,lap6 hak1 / laap6 hak1
立即,lap6 zik1 / laap6 zik1
立志,lap6 zi3 / laap6 zi3
站立,zaam6 lap6 / zaam6 laap6
竟然,ging2 jin4
童子,tung4 zi2
童話,tung4 waa6 [tung4 waa2]
童謠,tung4 jiu4
端正,dyun1 zing3
競爭,ging6 zang1
競賽,ging6 coi3
竹竿,zuk1 gon1
竹簽,zuk1 cim1
笑容,siu3 jung4
笑話,siu3 waa6 [siu3 waa2]
笛子,dek6 zi2
笨重,ban6 zung6
筆尖,bat1 zim1
等候,dang2 hau6
等待,dang2 doi6
等於,dang2 jyu1
等級,dang2 kap1
答應,daap3 jing3
答案,daap3 on3
答覆,daap3 fuk1
筷子,faai3 zi2
算了,syun3 liu5
算式,syun3 sik1
算術,syun3 seot6
管理,gun2 lei5
箭頭,zin3 tau4
箱子,soeng1 zi2
節日,zit3 jat6
節目,zit3 muk6
節省,zit3 saang2
節約,zit3 joek3
範圍,faan6 wai4
簡單,gaan2 daan1
簡易,gaan2 ji6
簡潔,gaan2 git3
簡陋,gaan2 lau6
簽名,cim1 ming4 [cim1 meng2]
籃子,laam4 zi2
籃球,laam4 kau4
籬笆,lei4 baa1
米線,mai5 sin3
粉筆,fan2 bat1
粉紅,fan2 hung4
粗心,cou1 sam1
粟米,suk1 mai5
粽子,zung3 zi2 / zung2 zi2
精力,zing1 lik6
精巧,zing1 haau2
精彩,zing1 coi2
精神,①zing1 san4 ②zing1 san4
精緻,zing1 zi3
精美,zing1 mei5
精采,zing1 coi2
糊塗,wu4 tou4
糕點,gou1 dim2
糖果,tong4 gwo2
糞便,fan3 bin6
糧食,loeng4 sik6
糯米,no6 mai5
紀律,gei2 leot6
紀念,gei2 nim6
紀錄,gei2 luk6
紅旗,hung4 kei4
紅燈,hung4 dang1
紅腫,hung4 zung2
紅色,hung4 sik1
紅蟲,hung4 cung4 [hung4 cung2]
紅豆,hung4 dau6
紙幣,zi2 bai6
紙張,zi2 zoeng1
紙條,zi2 tiu4
紙皮,zi2 pei4
級別,kap1 bit6
紛紛,fan1 fan1
紛飛,fan1 fei1
紡織,fong2 zik1
細小,sai3 siu2
細心,sai3 sam1
終年,zung1 nin4
終於,zung1 jyu1
終點,zung1 dim2
組織,zou2 zik1
結他,git3 taa1
結婚,git3 fan1
結實,git3 sat6
結局,git3 guk6
結束,git3 cuk1
結果,①git3 gwo2 ②git3 gwo2
絨布,jung4 bou3
統統,tung2 tung2
絲帶,si1 daai3
經已,ging1 ji5
經常,ging1 soeng4
經理,ging1 lei5
經過,ging1 gwo3
經驗,ging1 jim6
綠洲,luk6 zau1
綠色,luk6 sik1
綠葉,luk6 jip6
綠豆,luk6 dau6
維持,wai4 ci4
網球,mong5 kau4
綵排,coi2 paai4
綵燈,coi2 dang1
綿羊,min4 joeng4
緊張,gan2 zoeng1
緊急,gan2 gap1
編寫,pin1 se2
編號,pin1 hou6
練習,lin6 zaap6
縮小,suk1 siu2
總共,zung2 gung6
總和,zung2 wo4
總數,zung2 sou3
總是,zung2 si6
繁忙,faan4 mong4
繁榮,faan4 wing4
繁華,faan4 waa4
織女,zik1 neoi5
繩子,sing4 zi2
繪畫,kui6 waa2 [kui2 waa2]
繼續,gai3 zuk6
纜車,laam6 ce1
缺少,kyut3 siu2
缺席,kyut3 zik6
缺點,kyut3 dim2
罐頭,gun3 tau4
罪案,zeoi6 on3
罪行,zeoi6 hang6
罷了,baa6 liu5
羊毛,joeng4 mou4
美元,mei5 jyun4
美味,mei5 mei6
美國,mei5 gwok3
美好,mei5 hou2
美妙,mei5 miu6
美景,mei5 ging2
美術,mei5 seot6
美觀,mei5 gun1
美金,mei5 gam1
美食,mei5 sik6
美麗,mei5 lai6
羔羊,gou1 joeng4
羣體,kwan4 tai2
羽毛,jyu5 mou4
翅膀,ci3 pong4
習作,zaap6 zok3
習慣,zaap6 gwaan3
老婆,lou5 po4
老實,lou5 sat6
老師,lou5 si1
老年,lou5 nin4
老虎,lou5 fu2
老鼠,lou5 syu2
考試,haau2 si3
而且,ji4 ce2
耐心,noi6 sam1
耐性,noi6 sing3
耐煩,noi6 faan4
耐用,noi6 jung6
耕地,gaang1 dei6
耕種,gaang1 zung3
耕耘,gaang1 wan4
耳朵,ji5 do2
耳環,ji5 waan4 [ji5 waan2]
聆聽,ling4 ting3
聊天,liu4 tin1
聚集,zeoi6 zaap6
聞名,man4 ming4
聯合,lyun4 hap6
聯歡,lyun4 fun1
聰明,cung1 ming4
聲音,sing1 jam1
職位,zik1 wai6
職員,zik1 jyun4
職業,zik1 jip6
聽從,ting1 cung4
聽眾,ting1 zung3
聽見,ting1 gin3
聽覺,ting1 gok3
聽説,ting1 syut3
肚子,①tou5 zi2 ②tou5 zi2
肚皮,tou5 pei4
肥料,fei4 liu6 [fei4 liu2]
肥皂,fei4 zou6
肥胖,fei4 bun6
肩膀,gin1 bong2
肯定,hang2 ding6
背囊,bui3 nong4
背後,bui3 hau6
背心,bui3 sam1
背景,bui3 ging2
胡亂,wu4 lyun6
能力,nang4 lik6
能夠,nang4 gau3
能手,nang4 sau2
脱落,tyut3 lok6
脱險,tyut3 him2
脾氣,pei4 hei3
腦子,nou5 zi2
腦筋,nou5 gan1
腦袋,nou5 doi6 [nou5 doi2]
腰帶,jiu1 daai3
腰間,jiu1 gaan1
腳步,goek3 bou6
腳趾,goek3 zi2
膝蓋,sat1 goi3 / sat1 koi3
膠卷,gaau1 gyun2
臉容,lim5 jung4
臉色,lim5 sik1
臉龐,lim5 pong4
臘腸,laap6 coeng4 [laap6 coeng2]
臨屋,lam4 uk1
自動,zi6 dung6
自學,zi6 hok6
自尊,zi6 zyun1
自己,zi6 gei2
自從,zi6 cung4
自愛,zi6 oi3
自殺,zi6 saat3
自然,①zi6 jin4 ②zi6 jin4
自由,zi6 jau4
自私,zi6 si1
自稱,zi6 cing1
自行,zi6 hang4
自覺,zi6 gok3
自重,zi6 zung6
自願,zi6 jyun6
至少,zi3 siu2
舅媽,kau5 maa1
舅母,kau5 mou5
舅父,kau5 fu6 [kau5 fu2]
舅舅,kau5 kau5
興奮,hing1 fan5
興建,hing1 gin3
興盛,hing1 sing6
興趣,hing3 ceoi3
舉例,geoi2 lai6
舉行,geoi2 hang4
舉辦,geoi2 baan6
舉重,geoi2 cung5
舌頭,sit3 tau4 / sit6 tau4
舒服,syu1 fuk6
舒適,syu1 sik1
舞會,mou5 wui6 [mou5 wui2]
舞獅,mou5 si1
舞蹈,mou5 dou6
航機,hong4 gei1
航海,hong4 hoi2
船員,syun4 jyun4
船夫,syun4 fu1
船民,syun4 man4
船隻,syun4 zek3
艦隊,laam6 deoi6 [laam6 deoi2]
良好,loeng4 hou2
艱難,gaan1 naan4
色彩,sik1 coi2
芒果,mong1 gwo2
芝士,zi1 si6 [zi1 si2]
芝麻,zi1 maa4
芬芳,fan1 fong1
芭蕉,baa1 ziu1
花卉,faa1 wai2
花圃,faa1 pou2
花園,faa1 jyun4
花市,faa1 si5
花木,faa1 muk6
花朵,faa1 do2
花樣,faa1 joeng6 [faa1 joeng2]
花燈,faa1 dang1
花瓣,faa1 faan6 / faa1 baan6
花瓶,faa1 ping4
花生,faa1 sang1
花白,faa1 baak6
花盆,faa1 pun4
花粉,faa1 fan2
花紋,faa1 man4
花草,faa1 cou2
花蕊,faa1 jeoi5
花錢,faa1 cin4 [faa1 cin2]
若果,joek6 gwo2
苦痛,fu2 tung3
苦難,fu2 naan6
苦頭,fu2 tau4
英勇,jing1 jung5
英國,jing1 gwok3
英文,jing1 man4
英語,jing1 jyu5
茂密,mau6 mat6
茂盛,mau6 sing6
茅屋,maau4 uk1
茶匙,caa4 ci4
茶樓,caa4 lau4
茶葉,caa4 jip6
草原,cou2 jyun4
草叢,cou2 cung4
草地,cou2 dei6
草坪,cou2 ping4
草木,cou2 muk6
草莓,cou2 mui4 [cou2 mui2]
荒地,fong1 dei6
荒涼,fong1 loeng4
荔枝,lai6 zi1
荷塘,ho4 tong4
荷花,ho4 faa1
荷葉,ho4 jip6
菊花,guk1 faa1
菜刀,coi3 dou1
菠菜,bo1 coi3
菠蘿,bo1 lo4
菩薩,pou4 saat3
菱形,ling4 jing4
菲林,fei1 lam4 [fei1 lam2]
萬分,maan6 fan1
萬千,maan6 cin1
落葉,lok6 jip6
落選,lok6 syun2
葉子,jip6 zi2
葉片,jip6 pin3
著作,zyu3 zok3
著名,zyu3 ming4
葡萄,pou4 tou4
蒐集,sau1 zaap6
蒼白,cong1 baak6
蒼蠅,cong1 jing4
蓋子,goi3 zi2 / koi3 zi2
蓮子,lin4 zi2
蓮花,lin4 faa1
蔬菜,so1 coi3
薯片,syu4 pin3 [syu4 pin2]
藍天,laam4 tin1
藍色,laam4 sik1
藝人,ngai6 jan4
藝員,ngai6 jyun4
藥品,joek6 ban2
藥材,joek6 coi4
蘋果,ping4 gwo2
蘑菇,mo4 gu1
蘿蔔,lo4 baak6
處理,cyu2 lei5
虛心,heoi1 sam1
虛線,heoi1 sin3
號碼,hou6 maa5
蚊子,man1 zi2 / man4 zi2
蛀牙,zyu3 ngaa4
蛋卷,daan6 gyun2
蛋撻,daan6 taat3 [daan6 taat1]
蛋糕,daan6 gou1
蜈蚣,ng4 gung1
蜘蛛,zi1 zyu1
蜜蜂,mat6 fung1
蜻蜓,cing1 ting4
蝙蝠,pin1 fuk1 / bin1 fuk1
蝴蝶,wu4 dip6
蝸牛,wo1 ngau4
螞蟻,maa5 ngai5
螺絲,lo4 si1
蠔油,hou4 jau4
蠟燭,laap6 zuk1
血液,hyut3 jik6
行人,hang4 jan4
行善,hang4 sin6
行李,hang4 lei5
行業,hong4 jip6
行為,hang4 wai4
行程,hang4 cing4
行走,hang4 zau2
行車,hang4 ce1
行醫,hang4 ji1
行駛,hang4 sai2
街坊,gaai1 fong1
街道,gaai1 dou6
街頭,gaai1 tau4
衞星,wai6 sing1
衞生,wai6 sang1
衣服,ji1 fuk6
衣物,ji1 mat6
衣着,ji1 zoek3
衣裳,ji1 soeng4
表哥,biu2 go1
表妹,biu2 mui6
表姊,biu2 zi2
表姐,biu2 ze2
表弟,biu2 dai6
表情,biu2 cing4
表揚,biu2 joeng4
表格,biu2 gaak3
表演,biu2 jin2
表現,biu2 jin6
表示,biu2 si6
表達,biu2 daat6
表面,biu2 min6
袖子,zau6 zi2
被子,pei5 zi2
裁判,coi4 pun3
裁決,coi4 kyut3
裂縫,lit6 fung4
裏邊,leoi5 bin1
裏面,leoi5 min6
裏頭,leoi5 tau4
裙子,kwan4 zi2
補充,bou2 cung1
補習,bou2 zaap6
裝修,zong1 sau1
裝置,zong1 zi3
裝飾,zong1 sik1
製作,zai3 zok3
製造,zai3 zou6
複習,fuk1 zaap6
褲子,fu3 zi2
襪子,mat6 zi2
襯衣,can3 ji1
襯衫,can3 saam1
西方,sai1 fong1
西服,sai1 fuk6
西瓜,sai1 gwaa1
西裝,sai1 zong1
西醫,sai1 ji1
西餅,sai1 beng2
要不,jiu3 bat1
要求,jiu1 kau4
要點,jiu3 dim2
見面,gin3 min6
規例,kwai1 lai6
規則,kwai1 zak1
規定,kwai1 ding6
規矩,kwai1 geoi2
視線,si6 sin3
親人,can1 jan4
親切,can1 cit3
親友,can1 jau5
親密,can1 mat6
親情,can1 cing4
親愛,can1 oi3
親戚,can1 cik1
親手,can1 sau2
親眼,can1 ngaan5
覺得,gok3 dak1
觀光,gun1 gwong1
觀察,gun1 caat3
觀看,gun1 hon3
觀眾,gun1 zung3
觀賞,gun1 soeng2
角度,gok3 dou6
角色,gok3 sik1
角落,gok3 lok6
解決,gaai2 kyut3
解答,gaai2 daap3
解釋,gaai2 sik1
計劃,gai3 waak6
計畫,gai3 waak6
計算,gai3 syun3
計較,gai3 gaau3
討厭,tou2 jim3
討論,tou2 leon6
訓練,fan3 lin6
記住,gei3 zyu6
記得,gei3 dak1
記憶,gei3 jik1
記號,gei3 hou6
訪問,fong2 man6
設備,cit3 bei6
設施,cit3 si1
設立,cit3 lap6 / cit3 laap6
設計,cit3 gai3
許可,heoi2 ho2
許多,heoi2 do1
診所,can2 so2
評估,ping4 gu2
評判,ping4 pun3
評核,ping4 hat6
詞典,ci4 din2
詞語,ci4 jyu5
詢問,seon1 man6
試卷,si3 gyun2
試用,si3 jung6
試題,si3 tai4
試驗,si3 jim6
詩歌,si1 go1
詳情,coeng4 cing4
詳細,coeng4 sai3
認得,jing6 dak1
認為,jing6 wai4
認真,jing6 zan1
認識,jing6 sik1
誕生,daan3 sang1
語文,jyu5 man4
語氣,jyu5 hei3
語言,jyu5 jin4
誠實,sing4 sat6
説明,syut3 ming4
説法,①syut3 faat3 ②syut3 faat3
説話,syut3 waa6
説謊,syut3 fong1
課堂,fo3 tong4
課外,fo3 ngoi6
課室,fo3 sat1
課文,fo3 man4
課本,fo3 bun2
課程,fo3 cing4
課餘,fo3 jyu4
調換,diu6 wun6
調皮,tiu4 pei4
談天,taam4 tin1
談話,taam4 waa6
談論,taam4 leon6
請假,cing2 gaa3
請問,cing2 man6
請客,cing2 haak3
請帖,cing2 tip3
請教,cing2 gaau3
請求,cing2 kau4
謎語,mai4 jyu5
講台,gong2 toi4
講解,gong2 gaai2
講話,gong2 waa6
講述,gong2 seot6
謝謝,ze6 ze6
證件,zing3 gin6 [zing3 gin2]
證明,zing3 ming4
識字,sik1 zi6
警司,ging2 si1
警告,ging2 gou3
警員,ging2 jyun4
警察,ging2 caat3
警方,ging2 fong1
警署,ging2 cyu5
警鐘,ging2 zung1
警隊,ging2 deoi6 [ging2 deoi2]
護士,wu6 si6
護理,wu6 lei5
讀書,duk6 syu1
讀者,duk6 ze2
變化,bin3 faa3
讚美,zaan3 mei5
讚賞,zaan3 soeng2
豆腐,dau6 fu6
豉油,si6 jau4
豐富,fung1 fu3
豐收,fung1 sau1
豐滿,fung1 mun5
豔麗,jim6 lai6
貝殼,bui3 hok3
負擔,fu6 daam1
負責,fu6 zaak3
財富,coi4 fu3
財物,coi4 mat6
財產,coi4 caan2
貢獻,gung3 hin3
貧窮,pan4 kung4
貧苦,pan4 fu2
貨倉,fo3 cong1
貨品,fo3 ban2
貨幣,fo3 bai6
貨櫃,fo3 gwai6
貨物,fo3 mat6
貨輪,fo3 leon4
貪心,taam1 sam1
責任,zaak3 jam6
責備,zaak3 bei6
責怪,zaak3 gwaai3
責罵,zaak3 maa6
貯藏,cyu5 cong4
貴賓,gwai3 ban1
貴重,gwai3 zung6
買賣,①maai5 maai6 ②maai5 maai6
費用,fai3 jung6
貼紙,tip3 zi2
賞月,soeng2 jyut6
購買,kau3 maai5 / gau3 maai5
賽跑,coi3 paau2
賽道,coi3 dou6
贊同,zaan3 tung4
贊成,zaan3 sing4
走動,zau2 dung6
走廊,zau2 long4
走路,zau2 lou6
走開,zau2 hoi1
赳赳,gau2 gau2 / dau2 dau2
起來,hei2 loi4
起初,hei2 co1
起勁,hei2 ging6 / hei2 ging3
起牀,hei2 cong4
起飛,hei2 fei1
起點,hei2 dim2
超人,ciu1 jan4
超過,ciu1 gwo3
越過,jyut6 gwo3
趕忙,gon2 mong4
趕快,gon2 faai3
趕緊,gon2 gan2
趕走,gon2 zau2
趕路,gon2 lou6
趣味,ceoi3 mei6
趣怪,ceoi3 gwaai3
足夠,zuk1 gau3
足球,zuk1 kau4
跑步,paau2 bou6
跑道,paau2 dou6
距離,keoi5 lei4
跟着,gan1 zoek6
跟蹤,gan1 zung1
跟隨,gan1 ceoi4
路上,lou6 soeng6
路人,lou6 jan4
路口,lou6 hau2
路程,lou6 cing4
路線,lou6 sin3
路軌,lou6 gwai2
路過,lou6 gwo3
跳水,tiu3 seoi2
跳繩,tiu3 sing4 [tiu3 sing2]
跳舞,tiu3 mou5
跳躍,tiu3 joek3 / tiu3 joek6
踏實,daap6 sat6
身世,san1 sai3
身子,san1 zi2
身後,san1 hau6
身手,san1 sau2
身旁,san1 pong4
身材,san1 coi4
身邊,san1 bin1
身體,san1 tai2
身高,san1 gou1
躲避,do2 bei6
軀體,keoi1 tai2
車主,ce1 zyu2
車子,ce1 zi2
車廂,ce1 soeng1
車房,ce1 fong4
車禍,ce1 wo6
車站,ce1 zaam6
車胎,ce1 toi1
車輛,ce1 loeng6
車輪,ce1 leon4
車隊,ce1 deoi6 [ce1 deoi2]
軌道,gwai2 dou6
軍人,gwan1 jan4
軍官,gwan1 gun1
軍隊,gwan1 deoi6 [gwan1 deoi2]
輔助,fu6 zo6
輕便,hing1 bin6
輕快,hing1 faai3
輕易,hing1 ji6
輕鐵,hing1 tit3
輕鬆,hing1 sung1
輪流,leon4 lau4
輪胎,leon4 toi1
輪船,leon4 syun4
輸入,syu1 jap6
輸出,syu1 ceot1
輸送,syu1 sung3
轉動,①zyun2 dung6 ②zyun3 dung6
轉眼,zyun2 ngaan5
轉變,zyun2 bin3
辛勞,san1 lou4
辛勤,san1 kan4
辛苦,san1 fu2
辦事,baan6 si6
辦公,baan6 gung1
辦法,baan6 faat3
辨別,bin6 bit6
辮子,bin1 zi2
農場,nung4 coeng4
農夫,nung4 fu1
農家,nung4 gaa1
農曆,nung4 lik6
農村,nung4 cyun1
農業,nung4 jip6
農民,nung4 man4
農田,nung4 tin4
農莊,nung4 zong1
迎接,jing4 zip3
迎面,jing4 min6
近來,gan6 loi4
近年,gan6 nin4
近日,gan6 jat6
近況,gan6 fong3
近視,gan6 si6
迷你,mai4 nei5
迷糊,mai4 wu4
追問,zeoi1 man6
追查,zeoi1 caa4
追求,zeoi1 kau4
追趕,zeoi1 gon2
追逐,zeoi1 zuk6
退休,teoi3 jau1
送禮,sung3 lai5
送行,sung3 hang4
逃生,tou4 sang1
逃脱,tou4 tyut3
逃走,tou4 zau2
逃跑,tou4 paau2
逃避,tou4 bei6
透明,tau3 ming4
逐漸,zuk6 zim6
途中,tou4 zung1
途人,tou4 jan4
途經,tou4 ging1
逗留,dau6 lau4
這些,ze3 se1 / ze5 se1
這個,ze3 go3 / ze5 go3
這兒,ze3 ji4 / ze5 ji4
這樣,ze3 joeng6 / ze5 joeng6
這裏,ze3 leoi5 / ze5 leoi5
這麼,ze3 mo1 / ze5 mo1
通信,tung1 seon3
通告,tung1 gou3
通知,tung1 zi1
通車,tung1 ce1
通順,tung1 seon6
速度,cuk1 dou6
造句,zou6 geoi3
造成,zou6 sing4
連忙,lin4 mong4
連連,lin4 lin4
週記,zau1 gei3
進來,①zeon3 loi4 ②zeon3 loi4
進入,zeon3 jap6
進出,zeon3 ceot1
進去,①zeon3 heoi3 ②zeon3 heoi3
進取,zeon3 ceoi2
進口,①zeon3 hau2 ②zeon3 hau2
進步,zeon3 bou6
進行,zeon3 hang4
逼近,bik1 gan6
遇見,jyu6 gin3
遊人,jau4 jan4
遊客,jau4 haak3
遊戲,jau4 hei3
遊玩,jau4 wun6
遊艇,jau4 teng5
遊行,jau4 hang4
遊覽,jau4 laam5
運動,wan6 dung6
運用,wan6 jung6
運算,wan6 syun3
運輸,wan6 syu1
運送,wan6 sung3
遍地,pin3 dei6
過來,①gwo3 loi4 ②gwo3 loi4
過去,①gwo3 heoi3 ②gwo3 heoi3 ③gwo3 heoi3
過多,gwo3 do1
過夜,gwo3 je6
過年,gwo3 nin4
過後,gwo3 hau6
過程,gwo3 cing4
過節,①gwo3 zit3 ②gwo3 zit3
道具,dou6 geoi6
道歉,dou6 hip3
道理,dou6 lei5
道路,dou6 lou6
達到,daat6 dou3
遙控,jiu4 hung3
遙遠,jiu4 jyun5
遠方,jyun5 fong1
遠足,jyun5 zuk1
遠近,jyun5 gan6 [jyun5 kan5]
適合,sik1 hap6
適宜,sik1 ji4
適當,sik1 dong3
遮擋,ze1 dong2
遲到,ci4 dou3
遵守,zeon1 sau2
遵照,zeon1 ziu3
選擇,syun2 zaak6
遺失,wai4 sat1
遺跡,wai4 zik1
避免,bei6 min5
邀請,jiu1 cing2
還是,waan4 si6
那些,naa5 se1
那個,naa5 go3
那兒,naa5 ji4
那樣,naa5 joeng6
那裏,naa5 leoi5
那麼,naa5 mo1
郊區,gaau1 keoi1
郊外,gaau1 ngoi6
郊遊,gaau1 jau4
郊野,gaau1 je5
部份,bou6 fan6
部分,bou6 fan6
部門,bou6 mun4
部首,bou6 sau2
郵件,jau4 gin6 [jau4 gin2]
郵局,jau4 guk6
郵差,jau4 caai1
郵政,jau4 zing3
郵票,jau4 piu3
郵筒,jau4 tung4 [jau4 tung2]
郵輪,jau4 leon4
郵電,jau4 din6
都市,dou1 si5
鄉下,hoeng1 haa6 [hoeng1 haa2]
鄉村,hoeng1 cyun1
鄉里,hoeng1 lei5
鄰居,leon4 geoi1
鄰近,leon4 gan6
酋長,jau4 zoeng2
配合,pui3 hap6
配角,pui3 gok3
酒家,zau2 gaa1
酒店,zau2 dim3
酒樓,zau2 lau4
醒獅,sing2 si1
醜惡,cau2 ok3
醫治,ji1 zi6
醫生,ji1 sang1
醫藥,ji1 joek6
醫術,ji1 seot6
醫院,ji1 jyun2
醬油,zoeng3 jau4
重任,zung6 jam6
重傷,cung5 soeng1
重大,zung6 daai6
重新,cung4 san1
重複,cung4 fuk1
重要,zung6 jiu3
重逢,cung4 fung4
重量,cung5 loeng6
重點,zung6 dim2
野外,je5 ngoi6
野獸,je5 sau3
野菌,je5 kwan2
量度,loeng4 dok6
釐米,lei4 mai5
金子,gam1 zi2
金屬,gam1 suk6
金牌,gam1 paai4
金舖,gam1 pou3
金色,gam1 sik1
金鋪,gam1 pou3
金錢,gam1 cin4
金魚,gam1 jyu4
金黃,gam1 wong4
釣魚,diu3 jyu4
鈔票,caau1 piu3
鈕扣,nau2 kau3
鉛筆,jyun4 bat1
銀幕,ngan4 mok6
銀河,ngan4 ho4
銀牌,ngan4 paai4
銀行,ngan4 hong4
銅像,tung4 zoeng6
銅牌,tung4 paai4
鋒利,fung1 lei6
鋤頭,co4 tau4
鋭利,jeoi6 lei6
鋼琴,gong3 kam4
鋼筆,gong3 bat1
鋼鐵,gong3 tit3
錄音,luk6 jam1
錯誤,co3 ng6
鍛煉,dyun3 lin6
鍵盤,gin6 pun4
鎮定,zan3 ding6
鏡子,geng3 zi2
鐵路,tit3 lou6
鐵道,tit3 dou6
鑽石,zyun3 sek6
長大,zoeng2 daai6
長度,coeng4 dou6
長者,zoeng2 ze2
長處,coeng4 cyu3
長輩,zoeng2 bui3
長遠,coeng4 jyun5
門券,mun4 hyun3 / mun4 gyun3
門口,mun4 hau2
門票,mun4 piu3
閃耀,sim2 jiu6
閃閃,sim2 sim2
閃電,sim2 din6
開創,hoi1 cong3
開動,hoi1 dung6
開口,hoi1 hau2
開啟,hoi1 kai2
開始,hoi1 ci2
開學,hoi1 hok6
開展,hoi1 zin2
開心,hoi1 sam1
開採,hoi1 coi2
開放,hoi1 fong3
開會,hoi1 wui6 [hoi1 wui2]
開朗,hoi1 long5
開水,hoi1 seoi2
開花,hoi1 faa1
開門,hoi1 mun4
開除,hoi1 ceoi4
閲讀,jyut6 duk6
關心,gwaan1 sam1
關懷,gwaan1 waai4
關於,gwaan1 jyu1
防止,fong4 zi2
防線,fong4 sin3
阻擋,zo2 dong2
阻止,zo2 zi2
阿姨,aa3 ji4 [aa3 ji1]
附近,fu6 gan6
陌生,mak6 sang1
降臨,gong3 lam4
降落,gong3 lok6
陛下,bai6 haa6
院子,jyun2 zi2
除了,ceoi4 liu5
除夕,ceoi4 zik6
除數,ceoi4 sou3
陪同,pui4 tung4
陰暗,jam1 am3
陷阱,haam6 zing6
陸地,luk6 dei6
陸軍,luk6 gwan1
陽光,joeng4 gwong1
隊伍,deoi6 ng5
隊員,deoi6 jyun4
隔壁,gaak3 bik1
隧道,seoi6 dou6
隨便,ceoi4 bin6
隨手,ceoi4 sau2
隨時,ceoi4 si4
隨身,ceoi4 san1
雀鳥,zoek3 niu5
集中,zaap6 zung1
集合,zaap6 hap6
雕刻,diu1 hak1 / tiu1 hak1
雕琢,diu1 doek3
雖然,seoi1 jin4
雙數,soeng1 sou3
雙臂,soeng1 bei3
雙親,soeng1 can1
雜果,zaap6 gwo2
雜誌,zaap6 zi3
雞蛋,gai1 daan6 [gai1 daan2]
離去,lei4 heoi3
離婚,lei4 fan1
離開,lei4 hoi1
難受,naan4 sau6
難得,naan4 dak1
難忘,naan4 mong4
難怪,naan4 gwaai3
難民,naan6 man4
難看,naan4 hon3
難過,naan4 gwo3
雨傘,jyu5 saan3
雨水,jyu5 seoi2
雨點,jyu5 dim2
雪條,syut3 tiu4 [syut3 tiu2]
雪櫃,syut3 gwai6
雪白,syut3 baak6
雪糕,syut3 gou1
雪花,syut3 faa1
雪豹,syut3 paau3
雲層,wan4 cang4
雲梯,wan4 tai1
零食,ling4 sik6
雷雨,leoi4 jyu5
電力,din6 lik6
電動,din6 dung6
電台,din6 toi4
電器,din6 hei3
電影,din6 jing2
電梯,din6 tai1
電池,din6 ci4
電燈,din6 dang1
電筒,din6 tung4 [din6 tung2]
電線,din6 sin3
電腦,din6 nou5
電視,din6 si6
電話,din6 waa6 [din6 waa2]
電車,din6 ce1
電郵,din6 jau4
需要,seoi1 jiu3
霓虹,ngai4 hung4
露水,lou6 seoi2
靈活,ling4 wut6
青山,cing1 saan1
青年,cing1 nin4
青瓜,cing1 gwaa1 [ceng1 gwaa1]
青苔,cing1 toi4
青草,cing1 cou2
青蛙,cing1 waa1
非常,fei1 soeng4
非法,fei1 faat3
靠近,kaau3 gan6
面具,min6 geoi6
面前,min6 cin4
面孔,min6 hung2
面容,min6 jung4
面貌,min6 maau6
面龐,min6 pong4
鞭炮,bin1 paau3
音樂,jam1 ngok6
音量,jam1 loeng6
響亮,hoeng2 loeng6
項目,hong6 muk6
順便,seon6 bin6
順利,seon6 lei6
順序,seon6 zeoi6
預備,jyu6 bei6
預先,jyu6 sin1
預訂,jyu6 ding3
預賽,jyu6 coi3
預防,jyu6 fong4
頑皮,waan4 pei4
頒獎,baan1 zoeng2
領先,ling5 sin1
領帶,ling5 daai3
領隊,ling5 deoi6 [ling5 deoi2]
頭獎,tau4 zoeng2
頭痛,tau4 tung3
頭腦,tau4 nou5
頭頂,tau4 ding2 [tau4 deng2]
頭髮,tau4 faat3
題目,tai4 muk6
額頭,ngaak6 tau4
顏料,ngaan4 liu6 [ngaan4 liu2]
顏色,ngaan4 sik1
願意,jyun6 ji3
願望,jyun6 mong6
類別,leoi6 bit6
類型,leoi6 jing4
顧客,gu3 haak3
風俗,fung1 zuk6
風光,fung1 gwong1
風景,fung1 ging2
風暴,fung1 bou6
風沙,fung1 saa1
風波,fung1 bo1
風浪,fung1 long6
風球,fung1 kau4
風箏,fung1 zang1
風車,fung1 ce1
風雨,fung1 jyu5
風雪,fung1 syut3
颱風,toi4 fung1
飄揚,piu1 joeng4
飛快,fei1 faai3
飛機,fei1 gei1
飛舞,fei1 mou5
飛行,fei1 hang4
飛躍,fei1 joek3 / fei1 joek6
食具,sik6 geoi6
食品,sik6 ban2
食慾,sik6 juk6
食欲,sik6 juk6
食水,sik6 seoi2
食物,sik6 mat6
食用,sik6 jung6
食糧,sik6 loeng4
食肆,sik6 si3
飯店,faan6 dim3
飯碗,faan6 wun2
飯館,faan6 gun2
飲品,jam2 ban2
飲料,jam2 liu6
飲用,jam2 jung6
飲管,jam2 gun2
飲食,jam2 sik6
飼養,zi6 joeng5
飾演,sik1 jin2
飾物,sik1 mat6
餃子,gaau2 zi2
餅乾,beng2 gon1
養成,joeng5 sing4
養育,joeng5 juk6
餐包,caan1 baau1
餐廳,caan1 teng1
餘下,jyu4 haa6
餘數,jyu4 sou3
饑餓,gei1 ngo6
首先,sau2 sin1
首期,sau2 kei4
首腦,sau2 nou5
首要,sau2 jiu3
首選,sau2 syun2
香港,hoeng1 gong2
香煙,①hoeng1 jin1 ②hoeng1 jin1
香甜,hoeng1 tim4
香蕉,hoeng1 ziu1
馬上,maa5 soeng6
馬匹,maa5 pat1
馬場,maa5 coeng4
馬戲,maa5 hei3
馬路,maa5 lou6
馬車,maa5 ce1
馬達,maa5 daat6
馬鞍,maa5 on1
馬騮,maa5 lau4 [maa5 lau1]
馴服,seon4 fuk6
馴鹿,seon4 luk6
駕駛,gaa3 sai2
駱駝,lok3 to4
騎師,ke4 si1
騎樓,ke4 lau4 [ke4 lau2]
騾子,leoi4 zi2 / lo4 zi2
驕傲,giu1 ngou6
驚人,ging1 jan4
驚喜,ging1 hei2
驚奇,ging1 kei4
驚慌,ging1 fong1
驢子,lou4 zi2 / leoi4 zi2
骨頭,gwat1 tau4
骯髒,ong1 zong1
體力,tai2 lik6
體形,tai2 jing4
體操,tai2 cou1
體育,tai2 juk6
體重,tai2 cung5
高低,gou1 dai1
高大,gou1 daai6
高山,gou1 saan1
高樓,gou1 lau4
高聲,gou1 sing1
高興,gou1 hing3
髮型,faat3 jing4
髮廊,faat3 long4
鬍子,wu4 zi2
鬍鬚,wu4 sou1
魔法,mo1 faat3
魔術,mo1 seot6
魔頭,mo1 tau4
魷魚,jau4 jyu4
鮑魚,baau1 jyu4
鮮花,sin1 faa1
鮮血,sin1 hyut3
鮮豔,sin1 jim6
鯊魚,saa1 jyu4
鯨魚,king4 jyu4
鱷魚,ngok6 jyu4
鴛鴦,jyun1 joeng1
鴨子,aap3 zi2
鴿子,gap3 zi2
麥子,mak6 zi2
麪包,min6 baau1
麪條,min6 tiu4
麪粉,min6 fan2
麻煩,maa4 faan4
麻雀,①maa4 zoek3 ②maa4 zoek3
黃昏,wong4 fan1
黃油,wong4 jau4
黃瓜,wong4 gwaa1
黃金,wong4 gam1
黎明,lai4 ming4
黑夜,hak1 je6
黑影,hak1 jing2
黑暗,hak1 am3
黑板,hak1 baan2
黑白,hak1 baak6
黑色,hak1 sik1
黑點,hak1 dim2
默書,mak6 syu1
默默,mak6 mak6
點心,dim2 sam1
點頭,dim2 tau4
鼓勵,gu2 lai6
鼓掌,gu2 zoeng2
鼻子,bei6 zi2
鼻孔,bei6 hung2
鼻涕,bei6 tai3
齊聲,cai4 sing1
龍船,lung4 syun4
龍頭,lung4 tau4
一下子,jat1 haa5 zi2
一口氣,jat1 hau2 hei3
一方面,jat1 fong1 min6
一部份,jat1 bou6 fan6
一部分,jat1 bou6 fan6
一點點,jat1 dim2 dim2
七巧板,cat1 haau2 baan2
三文治,saam1 man4 zi6
三文魚,saam1 man4 jyu4 [saam1 man4 jyu2]
三明治,saam1 ming4 zi6
三角形,saam1 gok3 jing4
下午茶,haa6 ng5 caa4
不一定,bat1 jat1 ding6
不一會,bat1 jat1 wui6
不單止,bat1 daan1 zi2
不得了,bat1 dak1 liu5
不要緊,bat1 jiu3 gan2
了不起,liu5 bat1 hei2
人民幣,jan4 man4 bai6
人行道,jan4 hang4 dou6
來不及,loi4 bat1 kap6
來得及,loi4 dak1 kap6
便利店,bin6 lei6 dim3
保齡球,bou2 ling4 kau4
停車場,ting4 ce1 coeng4
傳染病,cyun4 jim5 beng6
入場券,jap6 coeng4 hyun3 / jap6 coeng4 gyun3
內燃機,noi6 jin4 gei1
八爪魚,baat3 zaau2 jyu4
八達通,baat3 daat6 tung1
公德心,gung1 dak1 sam1
公積金,gung1 zik1 gam1
冰淇淋,bing1 kei4 lam4
冰激凌,bing1 gik1 ling4
出租車,ceot1 zou1 ce1
動物園,dung6 mat6 jyun4
化粧品,faa3 zong1 ban2
北半球,bak1 bun3 kau4
十字架,sap6 zi6 gaa3
升降機,sing1 gong3 gei1
南半球,naam4 bun3 kau4
受不了,sau6 bat1 liu5
可能性,ho2 nang4 sing3
向日葵,hoeng3 jat6 kwai4
含羞草,ham4 sau1 cou2
呼拉圈,fu1 laai1 hyun1
嘉年華,gaa1 nin4 waa4
垃圾蟲,laap6 saap3 cung4
壓歲錢,aat3 seoi3 cin4
外星人,ngoi6 sing1 jan4
外祖母,ngoi6 zou2 mou5
外祖父,ngoi6 zou2 fu6
多的是,do1 dik1 si6
多邊形,do1 bin1 jing4
大多數,daai6 do1 sou3
大拇指,daai6 mou5 zi2
大排檔,daai6 paai4 dong3
大熊貓,daai6 hung4 maau1
大自然,daai6 zi6 jin4
天文台,tin1 man4 toi4
天然氣,tin1 jin4 hei3
天花板,tin1 faa1 baan2
寫字樓,se2 zi6 lau4
對不起,deoi3 bat1 hei2
小提琴,siu2 tai4 kam4
小朋友,siu2 pang4 jau5
工商業,gung1 soeng1 jip6
工程師,gung1 cing4 si1
巧克力,haau2 hak1 lik6
差不多,caa1 bat1 do1
平安夜,ping4 on1 je6
幼兒園,jau3 ji4 jyun4
幼稚園,jau3 zi6 jyun4
忍不住,jan2 bat1 zyu6
打招呼,daa2 ziu1 fu1
捨不得,se2 bat1 dak1
摩托車,mo1 tok3 ce1
收音機,sau1 jam1 gei1
旅行社,leoi5 hang4 se5
星期天,sing1 kei4 tin1
星期日,sing1 kei4 jat6
普通話,pou2 tung1 waa6 [pou2 tung1 waa2]
曲別針,kuk1 bit6 zam1
曾祖母,zang1 zou2 mou5
曾祖父,zang1 zou2 fu6
有時候,jau5 si4 hau6
望遠鏡,mong6 jyun5 geng3
朱古力,zyu1 gu2 lik6 [zyu1 gu1 lik1]
模特兒,mou4 dak6 ji4
橡皮圈,zoeng6 pei4 hyun1
橢圓形,to5 jyun4 jing4
正方形,zing3 fong1 jing4
沒什麼,mut6 sam6 mo1
沒甚麼,mut6 sam6 mo1
沒關係,mut6 gwaan1 hai6
油炸鬼,jau4 zaa3 gwai2
洋娃娃,joeng4 waa1 waa1
洋紫荊,joeng4 zi2 ging1
洗手間,sai2 sau2 gaan1
温度計,wan1 dou6 gai3
游泳池,jau4 wing6 ci4
滅火筒,mit6 fo2 tung4 [mit6 fo2 tung2]
為什麼,wai6 sam6 mo1
為甚麼,wai6 sam6 mo1
烤麪包,haau1 min6 baau1 / haau2 min6 baau1
班主任,baan1 zyu2 jam6
番石榴,faan1 sek6 lau4
目的地,muk6 dik1 dei6
直升機,zik6 sing1 gei1
直通車,zik6 tung1 ce1
看不起,hon3 bat1 hei2
礦泉水,kwong3 cyun4 seoi2
禁不住,gam3 bat1 zyu6
禮拜天,lai5 baai3 tin1
禮拜日,lai5 baai3 jat6
笑咪咪,siu3 mei1 mei1
精神病,zing1 san4 beng6
紅封包,hung4 fung1 baau1
紅綠燈,hung4 luk6 dang1
紫羅蘭,zi2 lo4 laan4
羽毛球,jyu5 mou4 kau4
老人家,lou5 jan4 gaa1
老公公,lou5 gung1 gung1
老太太,lou5 taai3 taai3 [lou5 taai3 taai2]
老婆婆,lou5 po4 po4
聖誕卡,sing3 daan3 kaat1
腳踏車,goek3 daap6 ce1
自來水,zi6 loi4 seoi2
自助餐,zi6 zo6 caan1
自行車,zi6 hang4 ce1
芭蕾舞,baa1 leoi4 mou5
茶餐廳,caa4 caan1 teng1
菠蘿包,bo1 lo4 baau1
萬字夾,maan6 zi6 gaap3
螢火蟲,jing4 fo2 cung4
行人道,hang4 jan4 dou6
裝飾品,zong1 sik1 ban2
西紅柿,sai1 hung4 ci2
要不然,jiu3 bat1 jin4
計程車,gai3 cing4 ce1
託兒所,tok3 ji4 so2
貓頭鷹,maau1 tau4 jing1
身份證,san1 fan6 zing3 [san1 fan2 zing3]
身分證,san1 fan6 zing3 [san1 fan2 zing3]
車仔麪,ce1 zai2 min6
轉眼間,zyun2 ngaan5 gaan1
轉瞬間,zyun2 seon3 gaan1
辦事處,baan6 si6 cyu3
農作物,nung4 zok3 mat6
遊樂場,jau4 lok6 coeng4
運動場,wan6 dung6 coeng4
過山車,gwo3 saan1 ce1
過日子,gwo3 jat6 zi2
長方形,coeng4 fong1 jing4
開夜車,hoi1 je6 ce1
開玩笑,hoi1 waan4 siu3 / hoi1 wun6 siu3
集裝箱,zaap6 zong1 soeng1
雜貨舖,zaap6 fo3 pou3
雜貨鋪,zaap6 fo3 pou3
零用錢,ling4 jung6 cin4 [ling4 jung6 cin2]
電單車,din6 daan1 ce1
電影院,din6 jing2 jyun2
電燈泡,din6 dang1 paau1
電視台,din6 si6 toi4
電話卡,din6 waa6 kaat1 [din6 waa2 kaat1]
非賣品,fei1 maai6 ban2
風景區,fung1 ging2 keoi1
馬鈴薯,maa5 ling4 syu4
體育場,tai2 juk6 coeng4
龍鬚糖,lung4 sou1 tong4 [lung4 sou1 tong2]
一日千里,jat1 jat6 cin1 lei5
一模一樣,jat1 mou4 jat1 joeng6
不可思議,bat1 ho2 si1 ji5
不堪設想,bat1 ham1 cit3 soeng2
不好意思,bat1 hou2 ji3 si3
不知所措,bat1 zi1 so2 cou3
不約而同,bat1 joek3 ji4 tung4
事半功倍,si6 bun3 gung1 pui5
五光十色,ng5 gwong1 sap6 sik1
個（兒）,go3 (ji4)
全心全意,cyun4 sam1 cyun4 ji3
公共汽車,gung1 gung6 hei3 ce1
出人意料,ceot1 jan4 ji3 liu6
出人意表,ceot1 jan4 ji3 biu2
前所未有,cin4 so2 mei6 jau5
力不從心,lik6 bat1 cung4 sam1
千方百計,cin1 fong1 baak3 gai3
卡拉OK,kaa1 laai1 ou1 kei1
各式各樣,gok3 sik1 gok3 joeng6
各種各樣,gok3 zung2 gok3 joeng6
名副其實,ming4 fu3 kei4 sat6
和平共處,wo4 ping4 gung6 cyu2
哥爾夫球,go1 ji5 fu1 kau4
哪（兒）,naa5 (ji4)
四方八面,sei3 fong1 baat3 min6
四面八方,sei3 min6 baat3 fong1
士多啤梨,si6 do1 be1 lei4 [si6 do1 be1 lei2]
多姿多彩,do1 zi1 do1 coi2
多彩多姿,do1 coi2 do1 zi1
大吃大喝,daai6 hek3 daai6 hot3
大名鼎鼎,daai6 ming4 ding2 ding2
大街小巷,daai6 gaai1 siu2 hong6
大開眼界,daai6 hoi1 ngaan5 gaai3
安居樂業,on1 geoi1 lok6 jip6
家傳户曉,gaa1 cyun4 wu6 hiu2
家喻户曉,gaa1 jyu6 wu6 hiu2
家家户户,gaa1 gaa1 wu6 wu6
專心致志,zyun1 sam1 zi3 zi3
心滿意足,sam1 mun5 ji3 zuk1
忍無可忍,jan2 mou4 ho2 jan2
愚公移山,jyu4 gung1 ji4 saan1
成千上萬,sing4 cin1 soeng5 maan6
日新月異,jat6 san1 jyut6 ji6
時時刻刻,si4 si4 hak1 hak1
普羅大眾,pou2 lo4 daai6 zung3
津津有味,zeon1 zeon1 jau5 mei6
滔滔不絕,tou1 tou1 bat1 zyut6
無家可歸,mou4 gaa1 ho2 gwai1
無微不至,mou4 mei4 bat1 zi3
無能為力,mou4 nang4 wai4 lik6
爭先恐後,zang1 sin1 hung2 hau6
獨一無二,duk6 jat1 mou4 ji6
玩（兒）,wun6 (ji4)
異口同聲,ji6 hau2 tung4 sing1
百貨公司,baak3 fo3 gung1 si1
盡忠職守,zeon6 zung1 zik1 sau2
美中不足,mei5 zung1 bat1 zuk1
耳目一新,ji5 muk6 jat1 san1
自言自語,zi6 jin4 zi6 jyu5
興致勃勃,hing3 zi3 but6 but6
興高采烈,hing3 gou1 coi2 lit6
蛋餡烘餅,daan6 haam2 hung3 beng2
討價還價,tou2 gaa3 waan4 gaa3
變化多端,bin3 faa3 do1 dyun1
超級市場,ciu1 kap1 si5 coeng4
這（兒）,ze3 (ji4) / ze5 (ji4)
那（兒）,naa5 (ji4)
高爾夫球,gou1 ji5 fu1 kau4
鬼鬼祟祟,gwai2 gwai2 seoi6 seoi6
一塊（兒）,jat1 faai3(ji4)
一會（兒）,jat1 wui6(ji4)
一點（兒）,jat1 dim2(ji4)
冰棍（兒）,bing1 gwan3 (ji4)
好玩（兒）,hou2 wun6 (ji4)
孫女（兒）,syun1 neoi5 (ji4)
小孩（兒）,siu2 haai4 (ji4)
差點（兒）,caa1 dim2 (ji4)
有點（兒）,jau5 dim2 (ji4)
曾孫女（兒）,zang1 syun1 neoi5 (ji4)
